,大连商品交易所 成交量_买持仓_卖持仓排名,

合约代码：jd2003,Date：2019-11-18,

,期货公司会员,

名次,会员简称,成交量,增减,
1,方正中期,1939,1562,
2,徽商期货,847,560,
3,华安期货,827,546,
4,东证期货,708,666,
5,中信建投,680,248,
6,中信期货,500,142,
7,华泰期货,489,393,
8,宏源期货,483,51,
9,长江期货,454,11,
10,广发期货,404,274,
11,中辉期货,360,147,
12,海证期货,313,281,
13,银河期货,302,37,
14,先锋期货,277,-32,
15,上海中期,271,-221,
16,安粮期货,261,98,
17,中大期货,248,145,
18,冠通期货,247,205,
19,永安期货,244,13,
20,浙商期货,242,217,
总计,10096,5343,

名次,会员简称,持买单量,增减,
1,方正中期,1308,246,
2,中辉期货,1198,259,
3,宝城期货,927,8,
4,广发期货,809,257,
5,光大期货,754,10,
6,长江期货,663,64,
7,银河期货,550,106,
8,永安期货,526,-66,
9,宏源期货,524,181,
10,中信期货,480,123,
11,南华期货,394,22,
12,兴证期货,386,-2,
13,中财期货,351,54,
14,鲁证期货,333,70,
15,浙商期货,294,130,
16,中信建投,254,-9,
17,东海期货,225,34,
18,海通期货,218,41,
19,格林大华,212,-1,
20,中粮期货,207,48,
总计,10613,1575,

名次,会员简称,持卖单量,增减,
1,格林大华,999,31,
2,华安期货,778,287,
3,鲁证期货,672,2,
4,方正中期,648,299,
5,长江期货,609,-218,
6,徽商期货,544,93,
7,先锋期货,510,153,
8,华泰期货,454,-268,
9,汇鑫期货,432,107,
10,中大期货,382,169,
11,海证期货,360,224,
12,永安期货,353,24,
13,中钢期货,350,0,
14,中信建投,260,95,
15,华鑫期货,250,-10,
16,申银万国,248,50,
17,东航期货,221,18,
18,天风期货,215,0,
19,东方财富,192,9,
20,宏源期货,191,42,
总计,8668,1107,



会员类别,总成交量,增减,
期货公司会员,10096,5343,

会员类别,总持买单量,增减,
期货公司会员,10613,1575,

会员类别,总持卖单量,增减,
期货公司会员,8668,1107,

,大连商品交易所 成交量_买持仓_卖持仓排名,

合约代码：jd2005,Date：2019-11-18,

,期货公司会员,

名次,会员简称,成交量,增减,
1,东证期货,7553,733,
2,方正中期,6039,613,
3,海通期货,4732,1257,
4,徽商期货,4486,582,
5,华安期货,3861,-553,
6,中信期货,2910,256,
7,宏源期货,2734,-105,
8,申银万国,2617,505,
9,光大期货,2511,-716,
10,长江期货,2232,559,
11,中信建投,2222,-1064,
12,招金期货,2102,4,
13,华泰期货,2062,781,
14,先锋期货,2056,910,
15,中粮期货,1868,-1283,
16,银河期货,1851,-224,
17,广发期货,1804,421,
18,南华期货,1724,36,
19,国富期货,1711,-89,
20,永安期货,1661,-1174,
总计,58736,1449,

名次,会员简称,持买单量,增减,
1,永安期货,4331,213,
2,广州金控,3836,-269,
3,广发期货,3127,104,
4,中信建投,1754,18,
5,华泰期货,1560,32,
6,宏源期货,1539,-51,
7,中信期货,1448,-67,
8,银河期货,1430,124,
9,国投安信,1409,204,
10,徽商期货,1392,-32,
11,兴证期货,1274,-17,
12,申银万国,1194,97,
13,方正中期,1178,-289,
14,华安期货,1162,246,
15,长江期货,1095,149,
16,山西三立,1082,138,
17,东证期货,1034,-160,
18,浙商期货,1001,-47,
19,英大期货,1001,267,
20,国泰君安,968,-84,
总计,32815,576,

名次,会员简称,持卖单量,增减,
1,方正中期,2442,346,
2,华泰期货,2393,130,
3,中信期货,2303,-49,
4,永安期货,2195,-198,
5,中国国际,1979,0,
6,兴证期货,1864,-50,
7,徽商期货,1757,-248,
8,东航期货,1742,-23,
9,长江期货,1611,331,
10,中辉期货,1524,-21,
11,格林大华,1491,-3,
12,中财期货,1426,198,
13,申银万国,1408,52,
14,华安期货,1321,-159,
15,宏源期货,1268,45,
16,东证期货,1132,57,
17,华联期货,1099,161,
18,浙商期货,1064,55,
19,华闻期货,999,40,
20,中粮期货,990,-7,
总计,32008,657,



会员类别,总成交量,增减,
期货公司会员,58736,1449,

会员类别,总持买单量,增减,
期货公司会员,32815,576,

会员类别,总持卖单量,增减,
期货公司会员,32008,657,

,大连商品交易所 成交量_买持仓_卖持仓排名,

合约代码：v2005,Date：2019-11-18,

,期货公司会员,

名次,会员简称,成交量,增减,
1,东证期货,8531,-5283,
2,永安期货,4877,390,
3,申银万国,3495,-1718,
4,光大期货,1297,-1699,
5,海通期货,1283,163,
6,兴证期货,1236,-1646,
7,中大期货,999,-656,
8,大越期货,916,740,
9,中国国际,910,-902,
10,中信建投,842,-271,
11,国元期货,807,242,
12,中辉期货,804,288,
13,华泰期货,773,-695,
14,方正中期,747,-790,
15,国泰君安,539,-1993,
16,徽商期货,521,-506,
17,弘业期货,516,353,
18,金瑞期货,505,213,
19,中信期货,454,-10146,
20,金元期货,418,356,
总计,30470,-23560,

名次,会员简称,持买单量,增减,
1,中信期货,12476,102,
2,永安期货,11742,-1244,
3,东证期货,6065,-216,
4,国投安信,5446,-43,
5,国信期货,4872,66,
6,方正中期,2083,34,
7,国泰君安,1711,276,
8,华泰期货,1640,-186,
9,宏源期货,1253,15,
10,瑞达期货,1213,9,
11,东海期货,1015,-7,
12,浙商期货,986,25,
13,长江期货,930,55,
14,中大期货,910,882,
15,大地期货,892,-49,
16,银河期货,792,28,
17,大越期货,743,710,
18,申银万国,700,-317,
19,中财期货,669,-45,
20,弘业期货,662,430,
总计,56800,525,

名次,会员简称,持卖单量,增减,
1,东证期货,9191,405,
2,中财期货,5251,84,
3,中信建投,5247,620,
4,信达期货,5004,-16,
5,国泰君安,4987,83,
6,一德期货,4766,-29,
7,永安期货,4043,343,
8,中银国际,2622,-1,
9,金瑞期货,2203,26,
10,华泰期货,1835,383,
11,上海中期,1582,28,
12,中国国际,1453,-72,
13,申银万国,1349,-1674,
14,中大期货,1344,-47,
15,中信期货,1223,46,
16,国投安信,1106,-1,
17,东海期货,924,-2,
18,新晟期货,885,0,
19,长江期货,837,-162,
20,国海良时,816,1,
总计,56668,15,



会员类别,总成交量,增减,
期货公司会员,30470,-23560,

会员类别,总持买单量,增减,
期货公司会员,56800,525,

会员类别,总持卖单量,增减,
期货公司会员,56668,15,

,大连商品交易所 成交量_买持仓_卖持仓排名,

合约代码：p2005,Date：2019-11-18,

,期货公司会员,

名次,会员简称,成交量,增减,
1,东证期货,81167,2311,
2,光大期货,43567,-3206,
3,国泰君安,22602,10318,
4,新湖期货,18079,952,
5,华泰期货,16618,2013,
6,国元期货,14447,-1662,
7,华安期货,13563,73,
8,申银万国,13416,-6080,
9,招商期货,12768,-2044,
10,金元期货,11747,-1701,
11,广发期货,10740,3161,
12,浙商期货,10565,1344,
13,徽商期货,10392,-66,
14,永安期货,9658,1027,
15,中粮期货,8686,-1188,
16,国投安信,8088,2443,
17,海通期货,8018,-1482,
18,银河期货,7856,3589,
19,中信期货,7254,1182,
20,东海期货,7222,1028,
总计,336453,12012,

名次,会员简称,持买单量,增减,
1,国投安信,33369,-469,
2,中国国际,20338,418,
3,东证期货,17775,2450,
4,永安期货,12746,4190,
5,安粮期货,10666,1299,
6,一德期货,10129,-1065,
7,银河期货,7819,3491,
8,广发期货,7800,811,
9,申银万国,6485,1410,
10,鲁证期货,6178,506,
11,海通期货,5891,837,
12,中粮期货,4861,-218,
13,国泰君安,4856,-664,
14,中财期货,4727,120,
15,中信期货,4656,-560,
16,美尔雅期货,4460,916,
17,格林大华,4340,536,
18,平安期货,3984,-100,
19,南华期货,3738,1403,
20,五矿经易,3179,434,
总计,177997,15745,

名次,会员简称,持卖单量,增减,
1,中粮期货,28830,304,
2,国投安信,12888,-221,
3,广发期货,12164,1427,
4,银河期货,11647,815,
5,东证期货,10978,2803,
6,永安期货,9729,-830,
7,中信期货,9204,2386,
8,徽商期货,9090,735,
9,国富期货,8558,47,
10,申银万国,7711,292,
11,北京首创,7509,1138,
12,首创京都,7015,1002,
13,华泰期货,6610,1437,
14,鲁证期货,5968,-915,
15,摩根大通,5619,766,
16,英大期货,4899,298,
17,中航期货,4498,156,
18,浙商期货,4198,1010,
19,华安期货,3592,1417,
20,渤海期货,3574,451,
总计,174281,14518,



会员类别,总成交量,增减,
期货公司会员,336453,12012,

会员类别,总持买单量,增减,
期货公司会员,177997,15745,

会员类别,总持卖单量,增减,
期货公司会员,174281,14518,

,大连商品交易所 成交量_买持仓_卖持仓排名,

合约代码：jm2001,Date：2019-11-18,

,期货公司会员,

名次,会员简称,成交量,增减,
1,东证期货,21896,1276,
2,国富期货,20100,4622,
3,光大期货,9372,1662,
4,国泰君安,8331,4173,
5,海通期货,7382,3651,
6,中辉期货,7356,4222,
7,兴证期货,5331,2956,
8,中信期货,5305,1055,
9,华泰期货,4470,1112,
10,广发期货,3942,1632,
11,国联期货,3894,2882,
12,申银万国,3808,1119,
13,徽商期货,3513,2325,
14,永安期货,3495,37,
15,东吴期货,3352,1723,
16,方正中期,3240,536,
17,华安期货,2142,828,
18,银河期货,1901,544,
19,南华期货,1865,81,
20,一德期货,1863,508,
总计,122558,36944,

名次,会员简称,持买单量,增减,
1,东证期货,9500,1192,
2,国富期货,6628,1081,
3,中信期货,4897,-198,
4,先融期货,4787,9,
5,永安期货,4653,-72,
6,中粮期货,4116,-662,
7,光大期货,3063,705,
8,一德期货,2969,841,
9,银河期货,2869,306,
10,国泰君安,2652,-515,
11,申银万国,2462,123,
12,方正中期,2374,600,
13,国投安信,2250,-253,
14,兴证期货,2212,836,
15,广发期货,1899,59,
16,英大期货,1844,8,
17,深圳金汇,1693,30,
18,中辉期货,1679,518,
19,华泰期货,1461,-140,
20,宏源期货,1438,32,
总计,65446,4500,

名次,会员简称,持卖单量,增减,
1,东证期货,9181,1420,
2,中信期货,8275,-43,
3,国富期货,6084,1331,
4,华泰期货,5569,1160,
5,国泰君安,5250,2124,
6,光大期货,5177,693,
7,兴证期货,4972,657,
8,银河期货,3759,301,
9,摩根大通,3016,40,
10,永安期货,2672,-119,
11,申银万国,2508,383,
12,方正中期,2401,266,
13,中辉期货,1908,704,
14,东吴期货,1877,866,
15,海通期货,1831,-1083,
16,国投安信,1827,122,
17,中信建投,1684,356,
18,五矿经易,1624,-16,
19,广发期货,1520,111,
20,国信期货,1451,191,
总计,72586,9464,



会员类别,总成交量,增减,
期货公司会员,122558,36944,

会员类别,总持买单量,增减,
期货公司会员,65446,4500,

会员类别,总持卖单量,增减,
期货公司会员,72586,9464,

,大连商品交易所 成交量_买持仓_卖持仓排名,

合约代码：j2005,Date：2019-11-18,

,期货公司会员,

名次,会员简称,成交量,增减,
1,东证期货,9213,4239,
2,光大期货,5390,2804,
3,国泰君安,4364,3374,
4,申银万国,3129,2612,
5,国富期货,3084,713,
6,永安期货,2354,-118,
7,海通期货,2128,817,
8,方正中期,2024,206,
9,华泰期货,2019,713,
10,一德期货,1554,838,
11,银河期货,1482,-477,
12,徽商期货,1295,765,
13,格林大华,1190,1072,
14,华安期货,1171,539,
15,安粮期货,1058,13,
16,中信期货,999,10,
17,国投安信,949,-49,
18,浙商期货,941,248,
19,中辉期货,897,391,
20,弘业期货,896,443,
总计,46137,19153,

名次,会员简称,持买单量,增减,
1,东证期货,4500,3114,
2,光大期货,3885,587,
3,方正中期,2542,574,
4,一德期货,1618,380,
5,华泰期货,1472,461,
6,银河期货,1334,322,
7,国泰君安,1279,167,
8,西南期货,1208,68,
9,国富期货,1103,224,
10,永安期货,1028,113,
11,中信期货,902,84,
12,申银万国,894,45,
13,中大期货,831,100,
14,中财期货,764,73,
15,弘业期货,673,145,
16,海通期货,656,140,
17,中信建投,621,262,
18,平安期货,614,221,
19,中辉期货,593,259,
20,兴业期货,588,133,
总计,27105,7472,

名次,会员简称,持卖单量,增减,
1,光大期货,5227,781,
2,东证期货,3827,2889,
3,国泰君安,3410,2895,
4,永安期货,3403,471,
5,申银万国,2882,2480,
6,五矿经易,1900,123,
7,方正中期,1295,172,
8,金元期货,1213,1,
9,国富期货,1188,220,
10,华泰期货,983,66,
11,一德期货,975,104,
12,英大期货,869,-72,
13,东方汇金,846,-250,
14,银河期货,784,346,
15,浙商期货,770,153,
16,海通期货,574,-510,
17,安粮期货,535,301,
18,冠通期货,535,32,
19,中信建投,530,24,
20,东航期货,518,132,
总计,32264,10358,



会员类别,总成交量,增减,
期货公司会员,46137,19153,

会员类别,总持买单量,增减,
期货公司会员,27105,7472,

会员类别,总持卖单量,增减,
期货公司会员,32264,10358,

,大连商品交易所 成交量_买持仓_卖持仓排名,

合约代码：cs2001,Date：2019-11-18,

,期货公司会员,

名次,会员简称,成交量,增减,
1,东证期货,44248,11962,
2,海通期货,14177,2946,
3,国泰君安,7331,957,
4,中信期货,6515,2070,
5,光大期货,5444,446,
6,永安期货,5291,4553,
7,国富期货,5115,1953,
8,广发期货,4588,2367,
9,华泰期货,4205,1314,
10,兴证期货,4109,1240,
11,方正中期,3780,254,
12,徽商期货,3557,1745,
13,瑞达期货,3310,1826,
14,国投安信,3127,1568,
15,广州金控,3014,1771,
16,华闻期货,2886,1065,
17,银河期货,2759,1125,
18,国信期货,2691,497,
19,迈科期货,2613,1098,
20,宏源期货,2461,1591,
总计,131221,42348,

名次,会员简称,持买单量,增减,
1,南华期货,6180,-210,
2,北京首创,5718,602,
3,广发期货,5145,2632,
4,国投安信,4634,708,
5,光大期货,4044,-108,
6,东证期货,3750,-1710,
7,上海大陆,3507,-1484,
8,中融汇信,3439,-217,
9,徽商期货,3403,-437,
10,华泰期货,2856,954,
11,国泰君安,2845,-583,
12,中粮期货,2414,-351,
13,中国国际,2321,220,
14,华安期货,2013,-97,
15,国富期货,1976,-200,
16,宏源期货,1858,309,
17,中信建投,1849,-311,
18,永安期货,1708,-236,
19,大地期货,1366,16,
20,海通期货,1362,541,
总计,62388,38,

名次,会员简称,持卖单量,增减,
1,永安期货,17074,2043,
2,中信期货,12085,201,
3,摩根大通,5761,-89,
4,东证期货,5574,1344,
5,国泰君安,5147,192,
6,金瑞期货,5130,-273,
7,中粮期货,4181,-274,
8,国投安信,3861,1213,
9,华泰期货,2967,-1177,
10,兴证期货,2942,-487,
11,中金期货,2865,3,
12,广州金控,2237,-1017,
13,国信期货,1956,-260,
14,宏源期货,1751,-1356,
15,方正中期,1635,331,
16,平安期货,1351,-173,
17,中融汇信,1314,918,
18,和融期货,1107,39,
19,申银万国,1104,-35,
20,东吴期货,976,211,
总计,81018,1354,



会员类别,总成交量,增减,
期货公司会员,131221,42348,

会员类别,总持买单量,增减,
期货公司会员,62388,38,

会员类别,总持卖单量,增减,
期货公司会员,81018,1354,

,大连商品交易所 成交量_买持仓_卖持仓排名,

合约代码：l2005,Date：2019-11-18,

,期货公司会员,

名次,会员简称,成交量,增减,
1,东证期货,20068,-164,
2,光大期货,7769,-1711,
3,华泰期货,3137,-182,
4,申银万国,2582,1378,
5,永安期货,2504,-1183,
6,方正中期,2333,966,
7,鲁证期货,2280,1564,
8,兴证期货,2248,377,
9,银河期货,1575,404,
10,一德期货,1534,1448,
11,宏源期货,1431,-501,
12,国投安信,1399,391,
13,国元期货,1340,-11,
14,浙商期货,1280,-511,
15,弘业期货,1217,-1660,
16,中天期货,1122,359,
17,建信期货,1038,-223,
18,中信期货,980,97,
19,华信期货,966,1,
20,中财期货,875,-317,
总计,57678,522,

名次,会员简称,持买单量,增减,
1,永安期货,11637,628,
2,东证期货,7979,326,
3,华泰期货,6447,-291,
4,中信期货,5915,96,
5,中大期货,5558,-197,
6,信达期货,4963,3,
7,方正中期,4898,27,
8,徽商期货,4777,64,
9,大地期货,4560,509,
10,银河期货,3952,-32,
11,宏源期货,3892,231,
12,中辉期货,3819,-38,
13,广发期货,3407,74,
14,国信期货,3311,324,
15,中财期货,3124,240,
16,英大期货,2916,34,
17,海通期货,2909,-34,
18,国投安信,2895,145,
19,浙商期货,2677,-47,
20,浙江新世纪,2652,7,
总计,92288,2069,

名次,会员简称,持卖单量,增减,
1,永安期货,19291,916,
2,中信期货,10640,146,
3,华泰期货,10482,1242,
4,信达期货,7641,3,
5,建信期货,6404,635,
6,国海良时,6028,-198,
7,东证期货,5654,72,
8,银河期货,5528,45,
9,中财期货,5143,47,
10,弘业期货,4710,788,
11,方正中期,4656,-1402,
12,国投安信,4292,-302,
13,国泰君安,4000,-86,
14,金瑞期货,3880,0,
15,新湖期货,3761,14,
16,宝城期货,3697,3,
17,南华期货,3637,289,
18,倍特期货,3185,-8,
19,光大期货,3143,-1166,
20,一德期货,3089,957,
总计,118861,1995,



会员类别,总成交量,增减,
期货公司会员,57678,522,

会员类别,总持买单量,增减,
期货公司会员,92288,2069,

会员类别,总持卖单量,增减,
期货公司会员,118861,1995,

,大连商品交易所 成交量_买持仓_卖持仓排名,

合约代码：pp2009,Date：2019-11-18,

,期货公司会员,

名次,会员简称,成交量,增减,
1,中信期货,1002,832,
2,华泰期货,404,-218,
3,上海大陆,388,172,
4,中粮期货,232,212,
5,银河期货,230,-104,
6,中信建投,216,132,
7,东证期货,207,57,
8,华金期货,160,110,
9,中财期货,151,148,
10,东吴期货,145,11,
11,广州金控,131,96,
12,永安期货,128,-281,
13,国贸期货,123,-144,
14,国富期货,102,66,
15,国联期货,86,69,
16,迈科期货,80,32,
17,信达期货,75,41,
18,国信期货,73,-45,
19,国投安信,71,-309,
20,华安期货,62,-44,
总计,4066,833,

名次,会员简称,持买单量,增减,
1,大越期货,1967,30,
2,永安期货,1722,0,
3,华泰期货,1399,-171,
4,东吴期货,1082,0,
5,浙商期货,813,24,
6,银河期货,646,203,
7,国泰君安,556,23,
8,华金期货,505,-50,
9,中信期货,477,2,
10,中国国际,468,0,
11,海通期货,468,5,
12,上海大陆,385,0,
13,鲁证期货,383,1,
14,方正中期,312,0,
15,新纪元期货,303,1,
16,南华期货,299,-15,
17,国投安信,284,21,
18,中粮期货,260,90,
19,申银万国,252,0,
20,瑞达期货,251,-1,
总计,12832,163,

名次,会员简称,持卖单量,增减,
1,中信期货,2444,1000,
2,永安期货,1802,100,
3,东海期货,1160,0,
4,东吴期货,1082,-7,
5,国投安信,1060,10,
6,华泰期货,966,-145,
7,国富期货,794,-102,
8,华金期货,565,10,
9,华安期货,439,-17,
10,迈科期货,344,-80,
11,国贸期货,336,-41,
12,信达期货,324,-70,
13,建信期货,292,-5,
14,海证期货,287,-20,
15,恒泰期货,239,-12,
16,徽商期货,219,-2,
17,中天期货,211,-37,
18,安粮期货,210,0,
19,平安期货,201,0,
20,中信建投,199,-175,
总计,13174,407,



会员类别,总成交量,增减,
期货公司会员,4066,833,

会员类别,总持买单量,增减,
期货公司会员,12832,163,

会员类别,总持卖单量,增减,
期货公司会员,13174,407,

,大连商品交易所 成交量_买持仓_卖持仓排名,

合约代码：i2009,Date：2019-11-18,

,期货公司会员,

名次,会员简称,成交量,增减,
1,东证期货,4573,-108,
2,光大期货,2539,-482,
3,徽商期货,2306,-1957,
4,东吴期货,1865,-617,
5,申银万国,1572,-1236,
6,方正中期,1163,533,
7,上海东亚,1150,945,
8,中财期货,1117,-873,
9,华泰期货,1066,215,
10,中信期货,800,-1757,
11,海通期货,772,473,
12,永安期货,762,-1283,
13,新湖期货,661,235,
14,银河期货,520,-324,
15,国联期货,520,-1193,
16,海证期货,487,228,
17,平安期货,478,-4817,
18,锦泰期货,393,359,
19,西南期货,356,243,
20,国信期货,335,31,
总计,23435,-11385,

名次,会员简称,持买单量,增减,
1,海通期货,8654,-110,
2,招商期货,3660,-1,
3,华泰期货,3653,-946,
4,长江期货,3155,7,
5,中信期货,3081,126,
6,徽商期货,2104,1635,
7,鲁证期货,1718,-67,
8,国投安信,1316,0,
9,南华期货,1273,2,
10,东证期货,1269,-69,
11,大地期货,984,17,
12,银河期货,858,90,
13,中财期货,828,-219,
14,光大期货,722,-18,
15,东海期货,665,-15,
16,永安期货,654,87,
17,北京首创,640,21,
18,海证期货,637,47,
19,申银万国,521,49,
20,新湖期货,500,-11,
总计,36892,625,

名次,会员简称,持卖单量,增减,
1,华泰期货,3585,6,
2,国富期货,3346,7,
3,海通期货,3212,-548,
4,永安期货,2768,425,
5,方正中期,2736,-819,
6,一德期货,2587,-45,
7,国投安信,1752,3,
8,东证期货,1676,-36,
9,海证期货,1566,20,
10,申银万国,1536,-131,
11,东海期货,1415,-21,
12,上海东亚,1350,1150,
13,中财期货,1084,478,
14,浙商期货,1076,27,
15,宏源期货,1047,57,
16,天风期货,860,-6,
17,国泰君安,786,53,
18,中辉期货,707,28,
19,国联期货,667,89,
20,宝城期货,626,51,
总计,34382,788,



会员类别,总成交量,增减,
期货公司会员,23435,-11385,

会员类别,总持买单量,增减,
期货公司会员,36892,625,

会员类别,总持卖单量,增减,
期货公司会员,34382,788,

,大连商品交易所 成交量_买持仓_卖持仓排名,

合约代码：m2003,Date：2019-11-18,

,期货公司会员,

名次,会员简称,成交量,增减,
1,方正中期,17480,3040,
2,海通期货,7144,4519,
3,中粮期货,4680,2616,
4,南华期货,4189,2781,
5,鲁证期货,3922,-556,
6,国海良时,3759,-550,
7,弘业期货,3743,741,
8,国投安信,3524,-338,
9,格林大华,3166,1238,
10,东证期货,2774,-962,
11,西部期货,2282,-342,
12,银河期货,2180,111,
13,光大期货,1881,91,
14,锦泰期货,1262,473,
15,上海中期,1208,555,
16,国信期货,1013,-180,
17,美尔雅期货,945,739,
18,迈科期货,907,-2159,
19,新湖期货,785,-4968,
20,广发期货,760,354,
总计,67604,7203,

名次,会员简称,持买单量,增减,
1,中粮期货,24922,1879,
2,申银万国,19398,-99,
3,南华期货,18275,630,
4,上海中期,17018,-10,
5,格林大华,16158,-1229,
6,浙商期货,16085,-1,
7,弘业期货,13882,39,
8,国海良时,11584,1484,
9,银河期货,11483,826,
10,鲁证期货,11131,-161,
11,方正中期,10686,831,
12,新湖期货,10517,-67,
13,国投安信,10297,-58,
14,海通期货,9085,0,
15,迈科期货,2225,-14,
16,五矿经易,1105,200,
17,金瑞期货,669,229,
18,中财期货,517,-14,
19,广发期货,508,-6,
20,中辉期货,496,-6,
总计,206041,4453,

名次,会员简称,持卖单量,增减,
1,中粮期货,25172,1877,
2,申银万国,19226,-195,
3,南华期货,18751,531,
4,上海中期,17013,-14,
5,浙商期货,16260,101,
6,格林大华,16007,-1249,
7,弘业期货,13762,40,
8,方正中期,11903,833,
9,银河期货,11588,682,
10,国海良时,11495,1485,
11,新湖期货,11479,-94,
12,鲁证期货,11273,31,
13,国投安信,10812,2,
14,海通期货,9003,2,
15,迈科期货,2163,-9,
16,美尔雅期货,539,-142,
17,国贸期货,529,-7,
18,摩根大通,500,200,
19,一德期货,405,-47,
20,广发期货,305,-68,
总计,208185,3959,



会员类别,总成交量,增减,
期货公司会员,67604,7203,

会员类别,总持买单量,增减,
期货公司会员,206041,4453,

会员类别,总持卖单量,增减,
期货公司会员,208185,3959,

,大连商品交易所 成交量_买持仓_卖持仓排名,

合约代码：c2005,Date：2019-11-18,

,期货公司会员,

名次,会员简称,成交量,增减,
1,东证期货,52299,8036,
2,国泰君安,31963,2403,
3,永安期货,25858,10613,
4,徽商期货,16965,7990,
5,中信期货,13563,3354,
6,广州金控,13256,4701,
7,光大期货,12764,-5673,
8,国联期货,9746,7597,
9,银河期货,7197,1138,
10,金瑞期货,6026,3451,
11,东吴期货,5995,696,
12,招金期货,4842,3595,
13,申银万国,4530,1679,
14,国投安信,4120,-620,
15,南华期货,3981,934,
16,兴证期货,3851,488,
17,国富期货,3657,2550,
18,中粮期货,3651,1435,
19,弘业期货,3644,2696,
20,新湖期货,3285,-529,
总计,231193,56534,

名次,会员简称,持买单量,增减,
1,永安期货,67496,9371,
2,五矿经易,39277,84,
3,金瑞期货,37631,-84,
4,中信期货,18255,1856,
5,建信期货,14068,374,
6,一德期货,14030,794,
7,申银万国,12533,659,
8,国投安信,12357,2318,
9,北京首创,11826,-69,
10,中粮期货,10434,997,
11,东证期货,10351,707,
12,鲁证期货,10246,-507,
13,浙商期货,10136,1846,
14,东海期货,8846,-67,
15,国泰君安,7944,-342,
16,光大期货,7927,-41,
17,华泰期货,7441,-202,
18,徽商期货,7031,1076,
19,国联期货,6868,4181,
20,华金期货,6459,-481,
总计,321156,22470,

名次,会员简称,持卖单量,增减,
1,永安期货,66333,6921,
2,中信期货,61036,1761,
3,国投安信,44668,12,
4,金瑞期货,33694,2016,
5,光大期货,21321,3873,
6,东证期货,18294,4816,
7,中粮期货,17889,1042,
8,大有期货,15541,-8,
9,华泰期货,11280,-674,
10,南华期货,10327,3022,
11,国泰君安,9344,1289,
12,鲁证期货,9153,31,
13,中国国际,8093,-107,
14,银河期货,7861,3950,
15,摩根大通,7562,1023,
16,浙商期货,6946,263,
17,海证期货,5216,59,
18,新湖期货,5147,-646,
19,中金期货,5138,17,
20,北京首创,4584,65,
总计,369427,28725,



会员类别,总成交量,增减,
期货公司会员,231193,56534,

会员类别,总持买单量,增减,
期货公司会员,321156,22470,

会员类别,总持卖单量,增减,
期货公司会员,369427,28725,

,大连商品交易所 成交量_买持仓_卖持仓排名,

合约代码：c2009,Date：2019-11-18,

,期货公司会员,

名次,会员简称,成交量,增减,
1,东证期货,3629,1137,
2,大地期货,2632,-3585,
3,银河期货,1609,1196,
4,方正中期,1608,536,
5,徽商期货,1538,769,
6,鲁证期货,1444,-3254,
7,光大期货,1147,160,
8,中辉期货,1024,586,
9,华安期货,990,472,
10,国泰君安,825,795,
11,西部期货,786,276,
12,中投期货,691,-287,
13,国元期货,667,-53,
14,第一创业,556,124,
15,华泰期货,519,428,
16,东航期货,518,7,
17,永安期货,430,120,
18,汇鑫期货,428,-61,
19,平安期货,407,186,
20,中信期货,366,45,
总计,21814,-403,

名次,会员简称,持买单量,增减,
1,东证期货,6999,443,
2,鲁证期货,5661,-250,
3,一德期货,5185,0,
4,南华期货,4583,6,
5,中信期货,3212,-49,
6,永安期货,2644,-217,
7,摩根大通,2377,0,
8,国信期货,2368,203,
9,北京首创,2117,29,
10,中原期货,1878,195,
11,光大期货,1593,25,
12,国泰君安,1113,450,
13,中辉期货,1058,388,
14,国投安信,915,-77,
15,宏源期货,893,97,
16,安粮期货,810,1,
17,先锋期货,670,200,
18,华安期货,653,-145,
19,华泰期货,610,0,
20,国贸期货,522,-1,
总计,45861,1298,

名次,会员简称,持卖单量,增减,
1,金瑞期货,6501,1,
2,东证期货,6208,-742,
3,北京首创,5954,1,
4,光大期货,5258,88,
5,鲁证期货,5224,160,
6,中信期货,3449,-129,
7,国投安信,3112,5,
8,国泰君安,2945,369,
9,永安期货,1625,53,
10,东海期货,1500,0,
11,大地期货,1466,1402,
12,中投期货,1103,689,
13,一德期货,1012,0,
14,中州期货,739,-11,
15,长江期货,738,209,
16,银河期货,642,567,
17,上海大陆,562,0,
18,海通期货,521,3,
19,平安期货,338,-366,
20,弘业期货,333,104,
总计,49230,2403,



会员类别,总成交量,增减,
期货公司会员,21814,-403,

会员类别,总持买单量,增减,
期货公司会员,45861,1298,

会员类别,总持卖单量,增减,
期货公司会员,49230,2403,

,大连商品交易所 成交量_买持仓_卖持仓排名,

合约代码：jd2009,Date：2019-11-18,

,期货公司会员,

名次,会员简称,成交量,增减,
1,方正中期,1051,715,
2,徽商期货,569,305,
3,浙商期货,386,272,
4,上海大陆,386,341,
5,中投期货,384,203,
6,东海期货,373,353,
7,华安期货,327,268,
8,招金期货,286,254,
9,先锋期货,272,227,
10,华闻期货,259,244,
11,中财期货,252,158,
12,南华期货,241,203,
13,华泰期货,236,120,
14,宏源期货,227,119,
15,北京首创,226,180,
16,东证期货,206,174,
17,永安期货,192,98,
18,国信期货,163,81,
19,中辉期货,161,71,
20,安粮期货,142,49,
总计,6339,4435,

名次,会员简称,持买单量,增减,
1,中财期货,1159,173,
2,华闻期货,860,255,
3,北京首创,747,170,
4,方正中期,660,-162,
5,中辉期货,633,-18,
6,上海中期,606,-9,
7,九州期货,562,101,
8,中投期货,542,-15,
9,中衍期货,515,112,
10,海证期货,485,5,
11,永安期货,479,-9,
12,宏源期货,356,-11,
13,申银万国,304,33,
14,上海大陆,297,265,
15,东航期货,286,-4,
16,华安期货,263,30,
17,长江期货,263,11,
18,广发期货,261,48,
19,东证期货,260,-114,
20,中信期货,251,-13,
总计,9789,848,

名次,会员简称,持卖单量,增减,
1,中国国际,1260,12,
2,鲁证期货,718,39,
3,格林大华,697,3,
4,英大期货,577,5,
5,银河期货,456,18,
6,徽商期货,453,148,
7,永安期货,404,-35,
8,中信建投,394,3,
9,华泰期货,374,58,
10,宏源期货,357,104,
11,先锋期货,306,67,
12,信达期货,306,53,
13,东航期货,305,37,
14,招金期货,292,191,
15,长江期货,291,23,
16,华安期货,286,77,
17,弘业期货,277,-14,
18,汇鑫期货,260,-5,
19,华信期货,232,25,
20,中投期货,225,-159,
总计,8470,650,



会员类别,总成交量,增减,
期货公司会员,6339,4435,

会员类别,总持买单量,增减,
期货公司会员,9789,848,

会员类别,总持卖单量,增减,
期货公司会员,8470,650,

,大连商品交易所 成交量_买持仓_卖持仓排名,

合约代码：v2009,Date：2019-11-18,

,期货公司会员,

名次,会员简称,成交量,增减,
1,永安期货,2168,47,
2,东证期货,1952,-788,
3,申银万国,1394,1394,
4,中国国际,1089,507,
5,广州期货,350,320,
6,长江期货,252,153,
7,国元期货,224,162,
8,南华期货,212,185,
9,中信建投,184,72,
10,渤海期货,161,1,
11,大越期货,126,116,
12,方正中期,123,59,
13,先融期货,115,-186,
14,徽商期货,110,-127,
15,海通期货,109,-419,
16,华安期货,89,-27,
17,中辉期货,62,59,
18,国投安信,60,-94,
19,安粮期货,56,-346,
20,财达期货,45,-45,
总计,8881,1043,

名次,会员简称,持买单量,增减,
1,永安期货,6510,-99,
2,华泰期货,774,-38,
3,申银万国,726,-3,
4,方正中期,720,4,
5,上海大陆,686,0,
6,中信建投,590,184,
7,华金期货,510,0,
8,中信期货,465,40,
9,中财期货,384,2,
10,东海期货,353,0,
11,东证期货,261,129,
12,海通期货,248,19,
13,信达期货,243,20,
14,迈科期货,227,-25,
15,长江期货,203,137,
16,大地期货,166,9,
17,冠通期货,151,0,
18,汇鑫期货,143,0,
19,华安期货,129,28,
20,徽商期货,103,4,
总计,13592,411,

名次,会员简称,持卖单量,增减,
1,中信期货,2876,0,
2,华泰期货,2291,0,
3,东证期货,2137,841,
4,申银万国,1413,1391,
5,永安期货,1066,-1515,
6,中大期货,886,0,
7,银河期货,700,0,
8,宏源期货,616,0,
9,中国国际,456,286,
10,方正中期,352,-39,
11,先融期货,339,-115,
12,广州期货,300,-300,
13,安粮期货,146,10,
14,南华期货,137,112,
15,国海良时,125,0,
16,华安期货,109,-1,
17,中辉期货,103,-3,
18,建信期货,100,0,
19,中投期货,82,0,
20,汇鑫期货,76,-30,
总计,14310,637,



会员类别,总成交量,增减,
期货公司会员,8881,1043,

会员类别,总持买单量,增减,
期货公司会员,13592,411,

会员类别,总持卖单量,增减,
期货公司会员,14310,637,

,大连商品交易所 成交量_买持仓_卖持仓排名,

合约代码：i2001,Date：2019-11-18,

,期货公司会员,

名次,会员简称,成交量,增减,
1,冠通期货,190821,-25005,
2,国富期货,146350,-22274,
3,东证期货,109471,8944,
4,国泰君安,93583,17611,
5,光大期货,88869,8317,
6,中信期货,71938,-3053,
7,海通期货,67857,-1731,
8,方正中期,60983,-16748,
9,永安期货,60702,-46895,
10,申银万国,49342,-12063,
11,东海期货,45094,3043,
12,华泰期货,37347,2650,
13,徽商期货,34506,-16954,
14,一德期货,29349,-1954,
15,银河期货,23265,-28388,
16,华安期货,20287,-1354,
17,兴证期货,19808,-2402,
18,中财期货,18797,-9906,
19,中辉期货,18736,-8548,
20,广发期货,18117,-12704,
总计,1205222,-169414,

名次,会员简称,持买单量,增减,
1,永安期货,78545,7261,
2,申银万国,51191,-2370,
3,国富期货,44521,4122,
4,中信期货,39184,3208,
5,银河期货,35744,-41,
6,国泰君安,33048,5810,
7,海通期货,30969,12903,
8,东证期货,30344,-1175,
9,方正中期,26773,2305,
10,乾坤期货,25732,-995,
11,兴证期货,23944,8541,
12,光大期货,22225,5445,
13,一德期货,19457,9583,
14,国信期货,13338,-605,
15,国投安信,12472,-627,
16,华泰期货,11731,-2314,
17,鲁证期货,10241,-412,
18,广发期货,9627,-127,
19,摩根大通,9496,51,
20,混沌天成,8847,4094,
总计,537429,54657,

名次,会员简称,持卖单量,增减,
1,中信期货,46742,-530,
2,国富期货,43392,4256,
3,永安期货,40961,2941,
4,海通期货,37450,5782,
5,银河期货,35578,310,
6,一德期货,33580,3994,
7,东证期货,29683,2884,
8,光大期货,26587,4532,
9,浙商期货,22436,1667,
10,方正中期,22144,-718,
11,鲁证期货,22108,5750,
12,广发期货,19066,828,
13,华泰期货,18729,5807,
14,申银万国,15107,-1720,
15,兴业期货,15052,460,
16,徽商期货,14980,1785,
17,大越期货,13370,-160,
18,国泰君安,10953,1771,
19,南华期货,10951,-429,
20,大地期货,10351,1335,
总计,489220,40545,



会员类别,总成交量,增减,
期货公司会员,1205222,-169414,

会员类别,总持买单量,增减,
期货公司会员,537429,54657,

会员类别,总持卖单量,增减,
期货公司会员,489220,40545,

,大连商品交易所 成交量_买持仓_卖持仓排名,

合约代码：eg2005,Date：2019-11-18,

,期货公司会员,

名次,会员简称,成交量,增减,
1,东证期货,8438,615,
2,徽商期货,3628,430,
3,国泰君安,3111,-1689,
4,中信期货,2732,-63,
5,海通期货,2663,-905,
6,华泰期货,2319,683,
7,永安期货,2312,995,
8,平安期货,2035,-477,
9,国富期货,1984,-164,
10,申银万国,1895,1190,
11,方正中期,1769,-12,
12,国投安信,1606,-283,
13,浙商期货,1355,-497,
14,一德期货,1327,-1102,
15,中信建投,1304,290,
16,创元期货,1264,-251,
17,华安期货,1234,119,
18,光大期货,1226,-638,
19,国信期货,1094,788,
20,鲁证期货,1033,-756,
总计,44329,-1727,

名次,会员简称,持买单量,增减,
1,通惠期货,9749,-150,
2,新湖期货,5739,267,
3,建信期货,5579,7,
4,华泰期货,5133,-31,
5,鲁证期货,4370,150,
6,永安期货,4152,2,
7,一德期货,4054,250,
8,中信期货,3522,-172,
9,招商期货,2844,-14,
10,银河期货,2501,-48,
11,东海期货,2463,-134,
12,长江期货,2411,98,
13,海通期货,2367,-28,
14,平安期货,2310,-75,
15,方正中期,2275,-36,
16,国泰君安,2160,-177,
17,兴业期货,2092,-15,
18,国投安信,1947,-33,
19,中银国际,1680,2,
20,东证期货,1632,95,
总计,68980,-42,

名次,会员简称,持卖单量,增减,
1,永安期货,8053,78,
2,银河期货,5280,112,
3,中信期货,4598,-404,
4,国投安信,4484,151,
5,国泰君安,4225,-606,
6,东证期货,4040,293,
7,东海期货,4008,-30,
8,申银万国,3997,-1276,
9,华泰期货,3252,744,
10,格林大华,3205,-39,
11,上海大陆,3020,-40,
12,一德期货,3017,-423,
13,鲁证期货,2400,339,
14,招商期货,2164,86,
15,浙商期货,1984,409,
16,华安期货,1775,410,
17,华金期货,1753,363,
18,宏源期货,1514,-30,
19,天风期货,1509,211,
20,美尔雅期货,1346,153,
总计,65624,501,



会员类别,总成交量,增减,
期货公司会员,44329,-1727,

会员类别,总持买单量,增减,
期货公司会员,68980,-42,

会员类别,总持卖单量,增减,
期货公司会员,65624,501,

,大连商品交易所 成交量_买持仓_卖持仓排名,

合约代码：v2001,Date：2019-11-18,

,期货公司会员,

名次,会员简称,成交量,增减,
1,东证期货,38520,-20582,
2,兴证期货,22265,-22168,
3,华金期货,11188,3837,
4,申银万国,6643,-532,
5,海通期货,5673,-1086,
6,国泰君安,5283,-2212,
7,光大期货,5267,-1001,
8,方正中期,5236,-1040,
9,国富期货,4849,-2110,
10,永安期货,4834,-7872,
11,宏源期货,4808,-4476,
12,中信期货,3850,-1308,
13,广发期货,3619,1041,
14,华泰期货,3144,-892,
15,国投安信,3055,-674,
16,南华期货,2974,-1022,
17,东航期货,2837,1544,
18,徽商期货,2583,-2198,
19,中辉期货,2568,-1356,
20,银河期货,2530,-396,
总计,141726,-64503,

名次,会员简称,持买单量,增减,
1,永安期货,26086,323,
2,中信期货,21089,121,
3,东证期货,13723,1327,
4,兴证期货,8069,-815,
5,国信期货,7629,-66,
6,华泰期货,7543,-12,
7,国投安信,4694,-1048,
8,方正中期,4615,139,
9,国泰君安,4549,337,
10,银河期货,4277,266,
11,中国国际,3592,254,
12,宏源期货,3381,-94,
13,中财期货,3156,-69,
14,申银万国,3126,397,
15,国富期货,2881,-374,
16,中信建投,2834,344,
17,海通期货,2768,-240,
18,中金期货,2741,158,
19,南华期货,2411,-1054,
20,海证期货,2374,130,
总计,131538,24,

名次,会员简称,持卖单量,增减,
1,永安期货,19263,-1457,
2,银河期货,8311,-20,
3,中大期货,7605,852,
4,浙商期货,6815,-9,
5,国泰君安,6565,40,
6,一德期货,6333,36,
7,北京首创,6311,221,
8,广发期货,6111,-2238,
9,南华期货,5262,-394,
10,中国国际,5229,-560,
11,东证期货,5221,-289,
12,中财期货,4970,63,
13,申银万国,4946,-146,
14,方正中期,4599,67,
15,中辉期货,4012,-365,
16,信达期货,3769,-205,
17,兴证期货,3696,524,
18,中信期货,3529,-521,
19,鲁证期货,3143,23,
20,广州期货,2929,9,
总计,118619,-4369,



会员类别,总成交量,增减,
期货公司会员,141726,-64503,

会员类别,总持买单量,增减,
期货公司会员,131538,24,

会员类别,总持卖单量,增减,
期货公司会员,118619,-4369,

,大连商品交易所 成交量_买持仓_卖持仓排名,

合约代码：pp2005,Date：2019-11-18,

,期货公司会员,

名次,会员简称,成交量,增减,
1,东证期货,16130,-6102,
2,东海期货,4250,-1334,
3,南华期货,3490,-2691,
4,海通期货,3472,-2136,
5,华安期货,3157,61,
6,中信期货,2334,-312,
7,国泰君安,2262,-536,
8,国投安信,2217,-8741,
9,永安期货,2164,-2004,
10,东航期货,2124,426,
11,华泰期货,2067,-812,
12,东吴期货,2053,-238,
13,安粮期货,2013,538,
14,上海大陆,1997,-1478,
15,徽商期货,1928,-937,
16,方正中期,1796,-2717,
17,光大期货,1521,43,
18,国富期货,1495,-125,
19,宏源期货,1484,634,
20,建信期货,1244,-3764,
总计,59198,-32225,

名次,会员简称,持买单量,增减,
1,方正中期,14142,301,
2,国投安信,10920,100,
3,国泰君安,9150,771,
4,南华期货,9057,1869,
5,建信期货,7642,46,
6,永安期货,6560,257,
7,申银万国,6512,-48,
8,中信期货,5968,67,
9,瑞达期货,5633,47,
10,华泰期货,4723,-174,
11,中财期货,3213,93,
12,中信建投,3009,-147,
13,东海期货,2809,9,
14,中粮期货,2606,73,
15,新湖期货,2424,-27,
16,中大期货,2356,22,
17,鲁证期货,2255,50,
18,银河期货,2163,252,
19,浙商期货,2132,109,
20,国海良时,2015,-14,
总计,105289,3656,

名次,会员简称,持卖单量,增减,
1,永安期货,12549,517,
2,中银国际,6566,40,
3,华泰期货,6005,-19,
4,浙商期货,5691,110,
5,倍特期货,4624,135,
6,海证期货,4559,-12,
7,中财期货,4484,-45,
8,东证期货,4351,259,
9,国投安信,4035,643,
10,方正中期,3740,-399,
11,山西三立,3707,52,
12,浙江新世纪,3705,-4,
13,海通期货,3518,305,
14,安粮期货,3427,-825,
15,银河期货,3309,-23,
16,一德期货,3198,39,
17,天风期货,2807,238,
18,信达期货,2613,103,
19,华金期货,2453,190,
20,宏源期货,2360,188,
总计,87701,1492,



会员类别,总成交量,增减,
期货公司会员,59198,-32225,

会员类别,总持买单量,增减,
期货公司会员,105289,3656,

会员类别,总持卖单量,增减,
期货公司会员,87701,1492,

,大连商品交易所 成交量_买持仓_卖持仓排名,

合约代码：a2005,Date：2019-11-18,

,期货公司会员,

名次,会员简称,成交量,增减,
1,东证期货,2558,-200,
2,永安期货,1373,-414,
3,国富期货,1191,-241,
4,广州金控,1128,854,
5,华安期货,888,-4,
6,中信期货,838,1,
7,中财期货,601,-124,
8,宏源期货,597,140,
9,银河期货,538,179,
10,鲁证期货,518,197,
11,海通期货,473,289,
12,中原期货,430,317,
13,方正中期,427,39,
14,招金期货,362,265,
15,五矿经易,361,96,
16,华泰期货,354,24,
17,平安期货,335,236,
18,申银万国,309,249,
19,国投安信,309,-374,
20,宝城期货,273,151,
总计,13863,1680,

名次,会员简称,持买单量,增减,
1,永安期货,7470,518,
2,浙商期货,4194,18,
3,东证期货,4076,16,
4,海通期货,2183,327,
5,国投安信,2156,88,
6,天风期货,1691,56,
7,大越期货,1586,-11,
8,华信期货,1061,-118,
9,冠通期货,1023,27,
10,中财期货,862,133,
11,中信建投,794,-2,
12,南华期货,769,12,
13,五矿经易,680,-294,
14,华泰期货,647,110,
15,鲁证期货,640,269,
16,和合期货,524,2,
17,华安期货,514,9,
18,方正中期,512,73,
19,银河期货,490,-357,
20,广发期货,453,5,
总计,32325,881,

名次,会员简称,持卖单量,增减,
1,东证期货,4782,-38,
2,中国国际,4477,-180,
3,国投安信,3284,3,
4,永安期货,2632,213,
5,广州金控,2400,1058,
6,宏源期货,1504,106,
7,大有期货,1262,0,
8,华安期货,1214,15,
9,中信期货,1175,-228,
10,美尔雅期货,1156,-11,
11,华泰期货,1106,104,
12,一德期货,1076,-45,
13,中粮期货,1066,-1,
14,北京首创,1060,3,
15,宝城期货,1054,49,
16,上海大陆,876,-68,
17,光大期货,811,0,
18,中大期货,738,0,
19,兴证期货,676,-10,
20,天风期货,669,1,
总计,33018,971,



会员类别,总成交量,增减,
期货公司会员,13863,1680,

会员类别,总持买单量,增减,
期货公司会员,32325,881,

会员类别,总持卖单量,增减,
期货公司会员,33018,971,

,大连商品交易所 成交量_买持仓_卖持仓排名,

合约代码：eb2005,Date：2019-11-18,

,期货公司会员,

名次,会员简称,成交量,增减,
1,东证期货,12436,-2645,
2,徽商期货,5883,-1355,
3,海通期货,5390,-80,
4,华安期货,5238,118,
5,中信期货,4579,860,
6,方正中期,4356,-1978,
7,永安期货,4016,962,
8,美尔雅期货,3629,1654,
9,银河期货,3298,617,
10,华泰期货,2867,-197,
11,中财期货,2193,28,
12,中信建投,2087,-191,
13,国泰君安,2043,-615,
14,新纪元期货,2017,992,
15,中辉期货,1986,230,
16,国海良时,1810,391,
17,东吴期货,1778,417,
18,国信期货,1689,861,
19,华闻期货,1649,258,
20,东方财富,1644,-10,
总计,70588,317,

名次,会员简称,持买单量,增减,
1,中财期货,9698,-1123,
2,华泰期货,3328,12,
3,方正中期,2854,-73,
4,广发期货,2519,-8,
5,宁证期货,2349,-171,
6,徽商期货,2303,216,
7,浙商期货,1920,1,
8,长江期货,1877,112,
9,海通期货,1647,-17,
10,永安期货,1628,-50,
11,国投安信,1456,29,
12,东证期货,1418,138,
13,华安期货,1409,33,
14,光大期货,1360,-31,
15,银河期货,1267,-62,
16,中信期货,1184,-78,
17,中州期货,1143,223,
18,中信建投,1075,-46,
19,东海期货,1048,-328,
20,国泰君安,1037,-69,
总计,42520,-1292,

名次,会员简称,持卖单量,增减,
1,永安期货,6295,390,
2,五矿经易,4756,316,
3,东证期货,4233,104,
4,方正中期,3109,955,
5,华信期货,2588,143,
6,国泰君安,2569,-312,
7,一德期货,2110,240,
8,浙商期货,2039,-29,
9,海通期货,1954,-1297,
10,中信期货,1943,71,
11,中银国际,1827,4,
12,华闻期货,1771,-478,
13,国联期货,1749,289,
14,南华期货,1667,-71,
15,国海良时,1540,-48,
16,中财期货,1519,-32,
17,银河期货,1333,-64,
18,国信期货,1316,171,
19,宏源期货,1271,32,
20,华泰期货,1125,247,
总计,46714,631,



会员类别,总成交量,增减,
期货公司会员,70588,317,

会员类别,总持买单量,增减,
期货公司会员,42520,-1292,

会员类别,总持卖单量,增减,
期货公司会员,46714,631,

,大连商品交易所 成交量_买持仓_卖持仓排名,

合约代码：j2001,Date：2019-11-18,

,期货公司会员,

名次,会员简称,成交量,增减,
1,国富期货,43247,21264,
2,东证期货,42004,4309,
3,海通期货,21008,7812,
4,国泰君安,16999,7633,
5,光大期货,16935,7176,
6,中信期货,14873,6320,
7,银河期货,13028,4903,
8,中辉期货,10878,5263,
9,申银万国,10331,5125,
10,徽商期货,10133,3021,
11,方正中期,10063,3984,
12,华安期货,9849,3869,
13,永安期货,9753,4435,
14,华泰期货,9513,2220,
15,上海东亚,8109,-548,
16,鲁证期货,6814,2439,
17,新纪元期货,6814,2664,
18,兴证期货,6390,1918,
19,东吴期货,6340,2553,
20,宏源期货,5936,2431,
总计,279017,98791,

名次,会员简称,持买单量,增减,
1,国富期货,19332,5759,
2,东证期货,12931,1894,
3,中信期货,8193,-679,
4,光大期货,6420,2704,
5,海通期货,5563,1790,
6,永安期货,4757,-168,
7,银河期货,4736,812,
8,国泰君安,4495,-2114,
9,华泰期货,3886,55,
10,国投安信,3840,153,
11,方正中期,3386,714,
12,申银万国,3287,256,
13,长江期货,3271,1710,
14,中辉期货,3194,665,
15,英大期货,2586,40,
16,上海东亚,2446,762,
17,兴证期货,2443,-342,
18,中信建投,2227,-161,
19,鲁证期货,2222,514,
20,国贸期货,2203,-20,
总计,101418,14344,

名次,会员简称,持卖单量,增减,
1,国富期货,18569,5566,
2,东证期货,12846,1644,
3,永安期货,9664,-159,
4,中信期货,7444,-1072,
5,银河期货,6280,326,
6,海通期货,5925,1136,
7,光大期货,5490,2815,
8,申银万国,4754,1155,
9,华泰期货,4701,1298,
10,国投安信,4482,555,
11,兴证期货,4178,108,
12,大越期货,3246,668,
13,国泰君安,3111,-225,
14,方正中期,3007,-141,
15,浙商期货,2897,486,
16,五矿经易,2749,333,
17,宏源期货,2677,501,
18,中辉期货,2633,643,
19,一德期货,2558,136,
20,招商期货,2370,21,
总计,109581,15794,



会员类别,总成交量,增减,
期货公司会员,279017,98791,

会员类别,总持买单量,增减,
期货公司会员,101418,14344,

会员类别,总持卖单量,增减,
期货公司会员,109581,15794,

,大连商品交易所 成交量_买持仓_卖持仓排名,

合约代码：jd2001,Date：2019-11-18,

,期货公司会员,

名次,会员简称,成交量,增减,
1,东证期货,42965,-6208,
2,中信期货,14282,2014,
3,徽商期货,12880,-429,
4,方正中期,11841,2093,
5,海通期货,10257,-1202,
6,华安期货,9031,-1297,
7,国泰君安,8754,777,
8,申银万国,8213,-607,
9,宏源期货,7590,496,
10,银河期货,7158,2388,
11,华泰期货,7119,2244,
12,中信建投,6583,147,
13,东方财富,6392,-498,
14,永安期货,5536,-315,
15,安粮期货,5052,1417,
16,华闻期货,4790,1495,
17,瑞达期货,4628,947,
18,国富期货,4390,537,
19,北京首创,4295,-981,
20,广发期货,4257,1213,
总计,186013,4231,

名次,会员简称,持买单量,增减,
1,中信期货,3901,230,
2,永安期货,3616,160,
3,海通期货,3347,951,
4,国泰君安,3220,121,
5,华泰期货,2886,153,
6,东证期货,2843,682,
7,徽商期货,2645,-157,
8,长江期货,2642,-10,
9,银河期货,2482,-315,
10,兴证期货,2415,236,
11,方正中期,2398,-136,
12,中信建投,2368,32,
13,广发期货,2205,-254,
14,宏源期货,2080,74,
15,申银万国,1951,-100,
16,华安期货,1702,-79,
17,鲁证期货,1677,-605,
18,浙商期货,1422,-210,
19,平安期货,1408,172,
20,光大期货,1378,-347,
总计,48586,598,

名次,会员简称,持卖单量,增减,
1,永安期货,4010,-498,
2,徽商期货,3376,287,
3,中国国际,2773,1439,
4,东证期货,2750,-179,
5,方正中期,2736,-33,
6,中信期货,2717,-234,
7,兴证期货,2475,858,
8,宏源期货,2418,-422,
9,东方财富,2381,812,
10,银河期货,2227,-465,
11,海通期货,2124,286,
12,中信建投,2123,-371,
13,格林大华,2022,159,
14,华泰期货,1979,28,
15,北京首创,1789,913,
16,鲁证期货,1787,-624,
17,浙商期货,1785,149,
18,华安期货,1710,232,
19,中辉期货,1656,188,
20,广发期货,1611,365,
总计,46449,2890,



会员类别,总成交量,增减,
期货公司会员,186013,4231,

会员类别,总持买单量,增减,
期货公司会员,48586,598,

会员类别,总持卖单量,增减,
期货公司会员,46449,2890,

,大连商品交易所 成交量_买持仓_卖持仓排名,

合约代码：cs2005,Date：2019-11-18,

,期货公司会员,

名次,会员简称,成交量,增减,
1,东证期货,1783,426,
2,中信期货,1221,411,
3,徽商期货,815,589,
4,平安期货,706,544,
5,中粮期货,695,491,
6,光大期货,655,507,
7,中融汇信,603,598,
8,广发期货,543,-487,
9,宏源期货,470,437,
10,国富期货,389,27,
11,华安期货,296,-9,
12,永安期货,252,-191,
13,恒泰期货,237,91,
14,华泰期货,217,113,
15,方正中期,195,-412,
16,鲁证期货,191,122,
17,兴证期货,166,62,
18,华闻期货,147,57,
19,广州期货,144,131,
20,申银万国,134,111,
总计,9859,3618,

名次,会员简称,持买单量,增减,
1,瑞达期货,4002,-1,
2,徽商期货,3855,12,
3,中粮期货,1279,59,
4,永安期货,969,-12,
5,南华期货,792,19,
6,招金期货,636,0,
7,中信期货,606,193,
8,东吴期货,551,-2,
9,先锋期货,524,1,
10,华安期货,483,49,
11,华泰期货,354,23,
12,光大期货,301,68,
13,方正中期,272,-6,
14,浙商期货,270,0,
15,国富期货,250,0,
16,中衍期货,248,-19,
17,广发期货,241,-430,
18,弘业期货,231,-6,
19,东证期货,191,60,
20,五矿经易,164,-7,
总计,16219,1,

名次,会员简称,持卖单量,增减,
1,徽商期货,2049,-229,
2,中信期货,1553,-2,
3,广发期货,1521,-109,
4,大地期货,1152,1,
5,平安期货,820,640,
6,华安期货,819,-27,
7,中融汇信,673,598,
8,华泰期货,653,-138,
9,国投安信,627,-77,
10,方正中期,613,15,
11,东吴期货,535,0,
12,宏源期货,482,312,
13,东证期货,460,97,
14,国泰君安,443,8,
15,国富期货,356,39,
16,永安期货,340,-80,
17,海证期货,339,-62,
18,中辉期货,328,-60,
19,招金期货,313,0,
20,申银万国,305,-47,
总计,14381,879,



会员类别,总成交量,增减,
期货公司会员,9859,3618,

会员类别,总持买单量,增减,
期货公司会员,16219,1,

会员类别,总持卖单量,增减,
期货公司会员,14381,879,

,大连商品交易所 成交量_买持仓_卖持仓排名,

合约代码：b2001,Date：2019-11-18,

,期货公司会员,

名次,会员简称,成交量,增减,
1,东证期货,18945,438,
2,海通期货,8687,3974,
3,方正中期,7241,4073,
4,国富期货,4499,673,
5,弘业期货,4408,740,
6,国投安信,2987,-494,
7,国泰君安,2934,-531,
8,五矿经易,2892,-723,
9,国海良时,2702,1066,
10,东吴期货,2588,-1712,
11,中信期货,2439,-946,
12,华安期货,2131,658,
13,华泰期货,1979,-254,
14,南华期货,1761,-1315,
15,申银万国,1537,420,
16,永安期货,1439,-180,
17,东方财富,1403,-497,
18,徽商期货,1304,-802,
19,华闻期货,1198,-424,
20,兴证期货,1151,498,
总计,74225,4662,

名次,会员简称,持买单量,增减,
1,五矿经易,19490,13,
2,南华期货,18325,-135,
3,光大期货,16599,-30,
4,弘业期货,14251,328,
5,东吴期货,13676,-1241,
6,上海中期,12831,181,
7,方正中期,11272,1075,
8,中原期货,9412,-55,
9,申银万国,8600,105,
10,国投安信,8305,-41,
11,海通期货,6091,32,
12,国海良时,5941,-659,
13,渤海期货,3178,7,
14,永安期货,2473,-82,
15,金瑞期货,2178,-14,
16,东证期货,1163,30,
17,美尔雅期货,728,60,
18,中信期货,692,91,
19,华泰期货,439,-10,
20,华安期货,421,105,
总计,156065,-240,

名次,会员简称,持卖单量,增减,
1,五矿经易,19126,-13,
2,南华期货,16844,-52,
3,光大期货,16559,-103,
4,弘业期货,14253,382,
5,东吴期货,13749,-539,
6,上海中期,13710,250,
7,方正中期,11497,1316,
8,中原期货,9502,38,
9,国投安信,8663,204,
10,申银万国,8522,102,
11,海通期货,6317,-221,
12,国海良时,5895,-637,
13,渤海期货,3181,-10,
14,永安期货,2664,-91,
15,金瑞期货,2389,-24,
16,东证期货,1639,-33,
17,中信期货,1592,234,
18,宏源期货,740,28,
19,兴证期货,453,20,
20,中州期货,452,51,
总计,157747,902,



会员类别,总成交量,增减,
期货公司会员,74225,4662,

会员类别,总持买单量,增减,
期货公司会员,156065,-240,

会员类别,总持卖单量,增减,
期货公司会员,157747,902,

,大连商品交易所 成交量_买持仓_卖持仓排名,

合约代码：m2009,Date：2019-11-18,

,期货公司会员,

名次,会员简称,成交量,增减,
1,方正中期,17390,5962,
2,东证期货,16735,-1651,
3,光大期货,12304,2396,
4,国投安信,7854,6157,
5,永安期货,4976,2192,
6,浙商期货,4801,-2122,
7,东海期货,4176,-1022,
8,中粮期货,3986,-2608,
9,华泰期货,3597,1325,
10,银河期货,3285,749,
11,倍特期货,3258,2508,
12,中信期货,3111,-546,
13,国泰君安,3048,-118,
14,中国国际,2706,412,
15,五矿经易,2603,806,
16,徽商期货,2556,725,
17,新湖期货,2341,746,
18,迈科期货,2079,-1033,
19,弘业期货,1814,-213,
20,华安期货,1808,-5,
总计,104428,14660,

名次,会员简称,持买单量,增减,
1,浙商期货,38929,-294,
2,宏源期货,38630,239,
3,天风期货,26570,118,
4,永安期货,22060,1506,
5,大越期货,21970,179,
6,大地期货,21768,-55,
7,广发期货,18063,294,
8,一德期货,16426,375,
9,五矿经易,13235,156,
10,倍特期货,12276,620,
11,银河期货,10527,497,
12,华安期货,9848,443,
13,鲁证期货,8587,221,
14,国富期货,7627,32,
15,宝城期货,7601,100,
16,华泰期货,7236,139,
17,方正中期,6857,261,
18,东兴期货,6206,-142,
19,海通期货,6161,439,
20,金瑞期货,5503,20,
总计,306080,5148,

名次,会员简称,持卖单量,增减,
1,中粮期货,141050,1164,
2,国投安信,52709,7020,
3,一德期货,22120,-146,
4,摩根大通,21697,0,
5,新湖期货,19072,185,
6,永安期货,17623,242,
7,平安期货,16142,-154,
8,银河期货,13444,172,
9,徽商期货,11451,297,
10,国泰君安,11185,863,
11,中信期货,10485,-9,
12,英大期货,10108,0,
13,弘业期货,9496,-539,
14,申银万国,6993,-34,
15,五矿经易,6227,261,
16,国信期货,5653,36,
17,招商期货,5198,183,
18,海通期货,5144,26,
19,广州期货,4626,0,
20,北京首创,4321,48,
总计,394744,9615,



会员类别,总成交量,增减,
期货公司会员,104428,14660,

会员类别,总持买单量,增减,
期货公司会员,306080,5148,

会员类别,总持卖单量,增减,
期货公司会员,394744,9615,

,大连商品交易所 成交量_买持仓_卖持仓排名,

合约代码：c2003,Date：2019-11-18,

,期货公司会员,

名次,会员简称,成交量,增减,
1,东证期货,15058,2133,
2,方正中期,14377,5088,
3,国海良时,8312,3973,
4,西部期货,6236,3458,
5,中大期货,5639,1143,
6,鲁证期货,5216,1448,
7,格林大华,4382,-851,
8,弘业期货,4277,902,
9,瑞达期货,4182,3032,
10,中信期货,3647,659,
11,永安期货,3631,1948,
12,国投安信,3381,1191,
13,浙商期货,3196,-132,
14,华信期货,3055,2200,
15,申银万国,2978,-80,
16,海通期货,2953,229,
17,国泰君安,1603,40,
18,光大期货,1354,828,
19,金瑞期货,1286,64,
20,银河期货,1153,831,
总计,95916,28104,

名次,会员简称,持买单量,增减,
1,东证期货,40057,-39,
2,浙商期货,29219,-84,
3,国投安信,27375,15,
4,格林大华,22449,1241,
5,中信期货,21981,418,
6,国海良时,19189,4060,
7,申银万国,18983,49,
8,弘业期货,18581,33,
9,中大期货,18452,-27,
10,海通期货,17255,-14,
11,方正中期,16299,195,
12,鲁证期货,15314,186,
13,新湖期货,14540,-500,
14,永安期货,3447,201,
15,瑞达期货,2244,32,
16,华信期货,1600,-200,
17,国泰君安,839,796,
18,广州金控,780,0,
19,光大期货,539,505,
20,东吴期货,487,0,
总计,289630,6867,

名次,会员简称,持卖单量,增减,
1,东证期货,41813,103,
2,浙商期货,29005,-94,
3,中信期货,22462,721,
4,格林大华,22445,1241,
5,国海良时,19199,4058,
6,申银万国,19067,19,
7,弘业期货,18754,48,
8,中大期货,18409,-26,
9,海通期货,17021,-37,
10,鲁证期货,16444,396,
11,方正中期,16249,176,
12,新湖期货,14539,-500,
13,国投安信,10023,-64,
14,永安期货,7776,-308,
15,瑞达期货,2231,30,
16,混沌天成,1900,200,
17,国泰君安,1690,771,
18,华信期货,1600,1455,
19,前海期货,1380,340,
20,华金期货,1000,-530,
总计,283007,7999,



会员类别,总成交量,增减,
期货公司会员,95916,28104,

会员类别,总持买单量,增减,
期货公司会员,289630,6867,

会员类别,总持卖单量,增减,
期货公司会员,283007,7999,

,大连商品交易所 成交量_买持仓_卖持仓排名,

合约代码：p2001,Date：2019-11-18,

,期货公司会员,

名次,会员简称,成交量,增减,
1,东证期货,294338,-42876,
2,兴证期货,226440,-20216,
3,申银万国,138004,-111540,
4,光大期货,125942,-58575,
5,海通期货,114071,-3057,
6,国富期货,84998,-35994,
7,东方财富,74223,-19248,
8,中信期货,66316,-18471,
9,方正中期,62244,-20790,
10,徽商期货,57517,-26611,
11,华安期货,43183,-21976,
12,中辉期货,42435,-70875,
13,银河期货,39997,-38189,
14,招商期货,38660,-18080,
15,华泰期货,35674,-20044,
16,国泰君安,33877,-13812,
17,安粮期货,29952,-10308,
18,中信建投,25245,-13513,
19,国投安信,25099,-7063,
20,宏源期货,24091,-27739,
总计,1582306,-598977,

名次,会员简称,持买单量,增减,
1,一德期货,19694,3026,
2,东证期货,17015,-3456,
3,银河期货,15690,-21,
4,中信期货,14973,-2489,
5,永安期货,13582,-1161,
6,华泰期货,13423,-40,
7,光大期货,12675,1543,
8,徽商期货,12593,-634,
9,南华期货,12496,-1796,
10,鲁证期货,12328,166,
11,申银万国,11903,-937,
12,北京首创,11713,737,
13,海通期货,11480,-6668,
14,国富期货,9775,-200,
15,国投安信,8544,-673,
16,兴证期货,7671,1523,
17,首创京都,7663,1049,
18,宏源期货,6795,-784,
19,华安期货,6441,3042,
20,广发期货,6339,287,
总计,232793,-7486,

名次,会员简称,持卖单量,增减,
1,华泰期货,31868,-1580,
2,中粮期货,22066,-6025,
3,国投安信,18951,-1596,
4,东证期货,17771,5226,
5,东方财富,13119,1296,
6,银河期货,11705,832,
7,浙商期货,11551,-2384,
8,广发期货,10728,1422,
9,永安期货,10250,-3057,
10,中信期货,9424,-305,
11,上海中期,7577,-1180,
12,国富期货,7198,-120,
13,方正中期,6096,408,
14,弘业期货,5814,-252,
15,光大期货,5743,-2853,
16,中信建投,5652,1993,
17,天风期货,5432,-3,
18,申银万国,5232,-2741,
19,海通期货,5197,-3273,
20,国泰君安,5148,863,
总计,216522,-13329,



会员类别,总成交量,增减,
期货公司会员,1582306,-598977,

会员类别,总持买单量,增减,
期货公司会员,232793,-7486,

会员类别,总持卖单量,增减,
期货公司会员,216522,-13329,

,大连商品交易所 成交量_买持仓_卖持仓排名,

合约代码：c2001,Date：2019-11-18,

,期货公司会员,

名次,会员简称,成交量,增减,
1,东证期货,138836,16894,
2,国泰君安,75796,13099,
3,迈科期货,63639,37325,
4,安粮期货,58220,4672,
5,中信期货,41305,14100,
6,兴证期货,35967,5165,
7,徽商期货,33854,8833,
8,华闻期货,22847,16904,
9,光大期货,22678,5464,
10,海通期货,20504,7431,
11,国投安信,20426,13381,
12,广州金控,17866,-4781,
13,永安期货,17259,7287,
14,申银万国,14506,2596,
15,浙商期货,12945,-13605,
16,国富期货,11094,-4040,
17,银河期货,10227,3066,
18,东方财富,9943,3677,
19,华泰期货,9684,1869,
20,南华期货,9331,-1486,
总计,646927,137851,

名次,会员简称,持买单量,增减,
1,永安期货,53774,-149,
2,国投安信,44120,702,
3,东证期货,37966,-5124,
4,光大期货,32654,-1315,
5,金瑞期货,31661,-37,
6,鲁证期货,30658,1380,
7,中信期货,24657,305,
8,申银万国,22578,1934,
9,国泰君安,18821,-7374,
10,一德期货,14718,81,
11,南华期货,14435,3412,
12,华泰期货,14144,2224,
13,平安期货,11996,188,
14,方正中期,9211,-1283,
15,银河期货,8580,-1087,
16,北京首创,8357,287,
17,大有期货,7885,-35,
18,安粮期货,7096,3659,
19,中粮期货,6669,-102,
20,浙商期货,6585,-583,
总计,406565,-2917,

名次,会员简称,持卖单量,增减,
1,中信期货,93111,4908,
2,中粮期货,66938,3844,
3,金瑞期货,34724,670,
4,东证期货,29327,4426,
5,光大期货,28435,3,
6,永安期货,28196,3742,
7,五矿经易,27685,-82,
8,浙商期货,25196,-678,
9,国投安信,24535,888,
10,华泰期货,22923,500,
11,中国国际,16056,269,
12,广发期货,15311,1044,
13,银河期货,9026,-384,
14,中金期货,8796,-2,
15,国泰君安,8156,-1390,
16,南华期货,7889,-313,
17,鲁证期货,7389,-16,
18,东海期货,6633,-23,
19,海通期货,6549,-609,
20,东兴期货,6285,-1711,
总计,473160,15086,



会员类别,总成交量,增减,
期货公司会员,646927,137851,

会员类别,总持买单量,增减,
期货公司会员,406565,-2917,

会员类别,总持卖单量,增减,
期货公司会员,473160,15086,

,大连商品交易所 成交量_买持仓_卖持仓排名,

合约代码：pp2001,Date：2019-11-18,

,期货公司会员,

名次,会员简称,成交量,增减,
1,东证期货,109288,-22613,
2,海通期货,39665,3015,
3,中信期货,23681,-5032,
4,国富期货,20286,-1258,
5,徽商期货,17908,-7629,
6,国泰君安,16877,-8964,
7,华安期货,16495,-7377,
8,华泰期货,16458,1651,
9,方正中期,15141,-5013,
10,永安期货,14219,-5534,
11,兴证期货,11045,-4212,
12,申银万国,10252,-7719,
13,南华期货,10132,-7042,
14,宏源期货,9307,710,
15,银河期货,9257,-3242,
16,国投安信,8494,-2286,
17,中国国际,8124,-3184,
18,东航期货,8100,-3161,
19,浙商期货,7995,-3026,
20,安粮期货,7622,-489,
总计,380346,-92405,

名次,会员简称,持买单量,增减,
1,永安期货,40777,131,
2,中信期货,16338,1032,
3,广发期货,15688,-55,
4,华泰期货,11840,181,
5,南华期货,9904,-1203,
6,国泰君安,9522,-104,
7,建信期货,9487,2615,
8,银河期货,9278,-262,
9,申银万国,8806,-674,
10,中粮期货,7592,-242,
11,东海期货,7511,175,
12,鲁证期货,6962,571,
13,五矿经易,6254,1304,
14,国投安信,5841,-197,
15,方正中期,5332,-546,
16,中财期货,4994,203,
17,浙商期货,4641,634,
18,海通期货,4499,983,
19,平安期货,4349,83,
20,国海良时,3941,-13,
总计,193556,4616,

名次,会员简称,持卖单量,增减,
1,永安期货,16511,-236,
2,国泰君安,14909,351,
3,华泰期货,14104,-1113,
4,中信期货,12089,-153,
5,中财期货,10931,-276,
6,国投安信,10897,687,
7,方正中期,10698,741,
8,兴证期货,9020,1479,
9,招商期货,8716,-21,
10,浙商期货,8572,161,
11,山西三立,7786,41,
12,东证期货,7152,-148,
13,中大期货,7136,-150,
14,海通期货,7119,-1528,
15,银河期货,6206,67,
16,宏源期货,5489,-469,
17,海证期货,4848,-174,
18,弘业期货,4593,-11,
19,东航期货,4514,66,
20,南华期货,4457,197,
总计,175747,-489,



会员类别,总成交量,增减,
期货公司会员,380346,-92405,

会员类别,总持买单量,增减,
期货公司会员,193556,4616,

会员类别,总持卖单量,增减,
期货公司会员,175747,-489,

,大连商品交易所 成交量_买持仓_卖持仓排名,

合约代码：i2002,Date：2019-11-18,

,期货公司会员,

名次,会员简称,成交量,增减,
1,方正中期,5487,2363,
2,宝城期货,4117,1555,
3,光大期货,3702,1385,
4,东证期货,2663,576,
5,浙商期货,2470,-456,
6,上海中期,2359,1650,
7,国海良时,2293,-675,
8,中信期货,2236,-1086,
9,新湖期货,2198,-2188,
10,南华期货,2072,-71,
11,国投安信,1640,166,
12,华西期货,966,63,
13,东海期货,639,589,
14,华闻期货,504,-56,
15,国信期货,481,-369,
16,五矿经易,386,12,
17,弘业期货,370,-2498,
18,天风期货,311,219,
19,国富期货,305,9,
20,东吴期货,231,4,
总计,35430,1192,

名次,会员简称,持买单量,增减,
1,南华期货,8743,-665,
2,浙商期货,6148,-3,
3,中信期货,5071,-62,
4,宝城期货,4759,-99,
5,上海中期,4320,-190,
6,国投安信,4012,-3,
7,方正中期,3528,254,
8,弘业期货,3509,3,
9,新湖期货,3333,-76,
10,东海期货,3303,-1,
11,国海良时,2991,-420,
12,东证期货,2408,-178,
13,永安期货,2366,6,
14,银河期货,2310,3,
15,华西期货,1587,-169,
16,迈科期货,390,0,
17,上海大陆,190,0,
18,华联期货,160,0,
19,华闻期货,99,99,
20,光大期货,78,-21,
总计,59305,-1522,

名次,会员简称,持卖单量,增减,
1,南华期货,8747,-661,
2,浙商期货,6016,-3,
3,中信期货,5075,-68,
4,宝城期货,4736,-128,
5,上海中期,4334,-173,
6,国投安信,4018,-7,
7,弘业期货,3516,3,
8,方正中期,3508,257,
9,东海期货,3303,0,
10,新湖期货,3244,-52,
11,国海良时,2978,-431,
12,东证期货,2492,-121,
13,永安期货,2471,0,
14,银河期货,2340,-24,
15,华西期货,1588,-169,
16,迈科期货,390,0,
17,国富期货,182,98,
18,华联期货,162,1,
19,光大期货,115,21,
20,广发期货,87,84,
总计,59302,-1373,



会员类别,总成交量,增减,
期货公司会员,35430,1192,

会员类别,总持买单量,增减,
期货公司会员,59305,-1522,

会员类别,总持卖单量,增减,
期货公司会员,59302,-1373,

,大连商品交易所 成交量_买持仓_卖持仓排名,

合约代码：l2009,Date：2019-11-18,

,期货公司会员,

名次,会员简称,成交量,增减,
1,永安期货,667,-932,
2,国投安信,510,-277,
3,方正中期,451,37,
4,广发期货,376,-170,
5,浙江新世纪,271,271,
6,宏源期货,263,-44,
7,中财期货,223,-116,
8,华鑫期货,221,-69,
9,华泰期货,171,3,
10,申银万国,143,42,
11,中信期货,130,62,
12,安粮期货,129,6,
13,华安期货,124,23,
14,中辉期货,124,4,
15,东证期货,122,28,
16,信达期货,109,91,
17,冠通期货,75,19,
18,五矿经易,70,27,
19,上海中期,62,-62,
20,建信期货,61,-84,
总计,4302,-1141,

名次,会员简称,持买单量,增减,
1,永安期货,2660,102,
2,光大期货,2258,-5,
3,东吴期货,1330,1,
4,南华期货,1205,0,
5,方正中期,1146,-152,
6,中信期货,1129,1,
7,浙江新世纪,973,271,
8,浙商期货,808,15,
9,海通期货,617,8,
10,中辉期货,544,8,
11,徽商期货,534,8,
12,天风期货,509,5,
13,银河期货,453,-3,
14,华安期货,449,0,
15,广发期货,443,18,
16,宏源期货,428,-11,
17,弘业期货,427,1,
18,华金期货,374,0,
19,华泰期货,358,1,
20,国海良时,313,0,
总计,16958,268,

名次,会员简称,持卖单量,增减,
1,华泰期货,4309,-78,
2,永安期货,3003,547,
3,东证期货,2069,-107,
4,国投安信,2031,19,
5,大越期货,1508,0,
6,国海良时,1256,0,
7,东吴期货,1078,-2,
8,光大期货,1042,0,
9,海通期货,911,-18,
10,华鑫期货,550,200,
11,徽商期货,518,-3,
12,安粮期货,429,-94,
13,信达期货,423,-15,
14,海证期货,377,-26,
15,锦泰期货,343,9,
16,兴业期货,298,0,
17,申银万国,291,-115,
18,渤海期货,281,-5,
19,宏源期货,269,204,
20,浙商期货,252,0,
总计,21238,516,



会员类别,总成交量,增减,
期货公司会员,4302,-1141,

会员类别,总持买单量,增减,
期货公司会员,16958,268,

会员类别,总持卖单量,增减,
期货公司会员,21238,516,

,大连商品交易所 成交量_买持仓_卖持仓排名,

合约代码：y2001,Date：2019-11-18,

,期货公司会员,

名次,会员简称,成交量,增减,
1,东证期货,198711,-66300,
2,兴证期货,64348,-2307,
3,光大期货,43205,-16178,
4,中信期货,33336,-2507,
5,方正中期,27935,-3028,
6,海通期货,27750,-8763,
7,申银万国,21420,-13333,
8,中粮期货,20571,2486,
9,永安期货,15164,-2722,
10,招商期货,14726,11704,
11,国元期货,13783,564,
12,银河期货,13585,-2996,
13,国投安信,13237,-8243,
14,国富期货,12596,-3769,
15,华安期货,12463,-4515,
16,国泰君安,10917,-5435,
17,华泰期货,10439,-13185,
18,一德期货,10144,-6836,
19,徽商期货,9665,-3911,
20,五矿经易,9396,-2711,
总计,583391,-151985,

名次,会员简称,持买单量,增减,
1,银河期货,33518,-33,
2,永安期货,24320,-3618,
3,中信期货,22180,1206,
4,中粮期货,21655,2915,
5,鲁证期货,18030,-265,
6,东证期货,12099,-1030,
7,一德期货,11011,194,
8,北京首创,10070,-148,
9,宏源期货,8467,911,
10,光大期货,8036,-753,
11,海通期货,8017,-1068,
12,申银万国,7219,666,
13,华泰期货,6197,-222,
14,五矿经易,6192,2174,
15,国富期货,5455,-11,
16,国泰君安,5440,-531,
17,中国国际,5161,-1184,
18,华闻期货,5153,-131,
19,摩根大通,5095,63,
20,国投安信,4954,-1905,
总计,228269,-2770,

名次,会员简称,持卖单量,增减,
1,国投安信,47143,-928,
2,中粮期货,40357,-10582,
3,一德期货,33442,3854,
4,华泰期货,18377,-1777,
5,中信期货,18292,-1230,
6,广发期货,11240,-1009,
7,上海中期,9418,290,
8,信达期货,8819,-289,
9,银河期货,8608,1192,
10,海通期货,8393,1362,
11,国泰君安,8107,-162,
12,国富期货,8016,1147,
13,鲁证期货,7863,968,
14,申银万国,7140,-58,
15,东证期货,6566,461,
16,永安期货,5187,-738,
17,摩根大通,4925,0,
18,英大期货,4170,1796,
19,华安期货,3792,-958,
20,南华期货,3783,-746,
总计,263638,-7407,



会员类别,总成交量,增减,
期货公司会员,583391,-151985,

会员类别,总持买单量,增减,
期货公司会员,228269,-2770,

会员类别,总持卖单量,增减,
期货公司会员,263638,-7407,

,大连商品交易所 成交量_买持仓_卖持仓排名,

合约代码：eg2001,Date：2019-11-18,

,期货公司会员,

名次,会员简称,成交量,增减,
1,东证期货,115085,-1743,
2,海通期货,51172,-593,
3,中信期货,30894,-1350,
4,国泰君安,26658,-1933,
5,徽商期货,25878,-2172,
6,永安期货,22837,9537,
7,华安期货,19533,-3945,
8,方正中期,17673,740,
9,东方财富,15580,-1939,
10,银河期货,15102,-2464,
11,国富期货,12178,2816,
12,华泰期货,11996,-873,
13,东吴期货,11730,584,
14,兴证期货,9127,2272,
15,广发期货,9000,955,
16,国投安信,8776,-1901,
17,东航期货,8489,551,
18,中辉期货,8158,569,
19,申银万国,8026,-3059,
20,中信建投,8020,-2324,
总计,435912,-6272,

名次,会员简称,持买单量,增减,
1,永安期货,27352,-1300,
2,国投安信,10873,-239,
3,申银万国,8403,-153,
4,华泰期货,6350,-41,
5,南华期货,6015,69,
6,浙商期货,5276,696,
7,银河期货,5133,-13,
8,国泰君安,4582,-304,
9,海通期货,4187,-77,
10,中信期货,3964,177,
11,东证期货,3818,1042,
12,北京首创,3644,119,
13,广发期货,3330,-683,
14,中信建投,3077,411,
15,兴证期货,2979,-166,
16,中财期货,2917,78,
17,华安期货,2760,332,
18,方正中期,2725,-305,
19,新湖期货,2590,-251,
20,徽商期货,2502,-88,
总计,112477,-696,

名次,会员简称,持卖单量,增减,
1,银河期货,12170,503,
2,永安期货,9883,209,
3,东海期货,9302,83,
4,天风期货,8238,-1348,
5,国投安信,7615,313,
6,方正中期,7437,-1838,
7,鲁证期货,6817,-63,
8,上海中期,5883,-713,
9,国泰君安,5364,476,
10,中信期货,5018,-173,
11,五矿经易,4976,517,
12,海通期货,4310,-5,
13,华泰期货,3782,-501,
14,东证期货,3747,779,
15,一德期货,3661,-524,
16,南华期货,3382,-723,
17,创元期货,3037,106,
18,国联期货,3035,-288,
19,先融期货,3006,342,
20,东吴期货,2698,476,
总计,113361,-2372,



会员类别,总成交量,增减,
期货公司会员,435912,-6272,

会员类别,总持买单量,增减,
期货公司会员,112477,-696,

会员类别,总持卖单量,增减,
期货公司会员,113361,-2372,

,大连商品交易所 成交量_买持仓_卖持仓排名,

合约代码：y2009,Date：2019-11-18,

,期货公司会员,

名次,会员简称,成交量,增减,
1,国投安信,1687,1275,
2,国元期货,1390,-2247,
3,宏源期货,1227,1038,
4,一德期货,952,493,
5,方正中期,932,-38,
6,国泰君安,917,756,
7,申银万国,717,278,
8,北京首创,709,704,
9,国富期货,705,228,
10,五矿经易,677,472,
11,招金期货,619,269,
12,中粮期货,582,-2107,
13,广州金控,484,338,
14,中国国际,481,469,
15,徽商期货,466,387,
16,上海中期,445,-179,
17,国金期货,424,171,
18,中大期货,331,266,
19,信达期货,322,295,
20,中辉期货,300,47,
总计,14367,2915,

名次,会员简称,持买单量,增减,
1,中财期货,10935,46,
2,光大期货,6643,22,
3,五矿经易,6067,-227,
4,前海期货,5006,0,
5,上海中期,4751,19,
6,永安期货,3767,141,
7,中粮期货,2461,128,
8,一德期货,1845,665,
9,申银万国,1735,578,
10,中信期货,1580,-109,
11,创元期货,1408,11,
12,鲁证期货,1361,19,
13,招金期货,1000,298,
14,北京首创,916,504,
15,安粮期货,868,18,
16,国泰君安,818,-61,
17,东证期货,683,-8,
18,华安期货,659,42,
19,广发期货,564,52,
20,中辉期货,556,49,
总计,53623,2187,

名次,会员简称,持卖单量,增减,
1,中粮期货,21679,446,
2,宏源期货,9101,917,
3,光大期货,5002,-10,
4,国投安信,4912,1216,
5,国泰君安,4353,644,
6,平安期货,3605,0,
7,新湖期货,2569,0,
8,国富期货,2516,256,
9,摩根大通,2516,0,
10,英大期货,2451,0,
11,一德期货,2377,5,
12,银河期货,1972,6,
13,中信期货,1336,16,
14,国信期货,1285,5,
15,北京首创,970,-7,
16,信达期货,650,20,
17,前海期货,439,98,
18,迈科期货,354,43,
19,鲁证期货,342,28,
20,上海大陆,290,-7,
总计,68719,3676,



会员类别,总成交量,增减,
期货公司会员,14367,2915,

会员类别,总持买单量,增减,
期货公司会员,53623,2187,

会员类别,总持卖单量,增减,
期货公司会员,68719,3676,

,大连商品交易所 成交量_买持仓_卖持仓排名,

合约代码：i2005,Date：2019-11-18,

,期货公司会员,

名次,会员简称,成交量,增减,
1,东证期货,32863,4610,
2,光大期货,26967,4000,
3,永安期货,17201,-12475,
4,方正中期,12293,3238,
5,海通期货,11019,-157,
6,申银万国,7368,-4895,
7,中信期货,7183,-2076,
8,银河期货,7176,588,
9,中信建投,5815,3802,
10,国泰君安,5783,-897,
11,新湖期货,4888,-154,
12,中财期货,4792,-144,
13,徽商期货,4485,1280,
14,国富期货,4343,509,
15,东吴期货,4336,-1497,
16,华泰期货,3696,-973,
17,国信期货,3479,-258,
18,华闻期货,3190,1233,
19,华安期货,3093,52,
20,海证期货,2826,-701,
总计,172796,-4915,

名次,会员简称,持买单量,增减,
1,永安期货,14742,-8115,
2,国投安信,11225,-299,
3,银河期货,10847,301,
4,东证期货,10415,265,
5,方正中期,9159,-2018,
6,国泰君安,8894,1625,
7,申银万国,7802,157,
8,兴证期货,6732,-235,
9,中粮期货,6518,1933,
10,徽商期货,5787,475,
11,鲁证期货,5461,-28,
12,西南期货,5274,311,
13,海证期货,4998,1604,
14,中信建投,4866,148,
15,中辉期货,4851,-380,
16,中信期货,4776,1064,
17,广发期货,4708,35,
18,宝城期货,4380,-11,
19,国富期货,3924,918,
20,一德期货,3824,-572,
总计,139183,-2822,

名次,会员简称,持卖单量,增减,
1,永安期货,14457,-610,
2,中信期货,12910,163,
3,银河期货,12790,301,
4,国投安信,10619,-472,
5,方正中期,10189,-377,
6,东证期货,10025,-360,
7,鲁证期货,7731,503,
8,国联期货,7441,-1003,
9,一德期货,7031,201,
10,徽商期货,5900,-108,
11,北京金鹏,5740,20,
12,广发期货,4852,-68,
13,道通期货,4552,1900,
14,中信建投,4447,-25,
15,华泰期货,4191,-2127,
16,天风期货,3894,338,
17,国泰君安,3834,408,
18,中辉期货,3751,-81,
19,申银万国,3444,-431,
20,东海期货,3329,-819,
总计,141127,-2647,



会员类别,总成交量,增减,
期货公司会员,172796,-4915,

会员类别,总持买单量,增减,
期货公司会员,139183,-2822,

会员类别,总持卖单量,增减,
期货公司会员,141127,-2647,

,大连商品交易所 成交量_买持仓_卖持仓排名,

合约代码：a2001,Date：2019-11-18,

,期货公司会员,

名次,会员简称,成交量,增减,
1,东证期货,17415,682,
2,一德期货,12203,6949,
3,海通期货,10436,855,
4,国泰君安,8318,3350,
5,中信期货,6075,87,
6,华安期货,4222,850,
7,兴证期货,3473,-312,
8,华泰期货,3375,1067,
9,国富期货,3203,80,
10,方正中期,3044,-633,
11,银河期货,2876,405,
12,徽商期货,2548,127,
13,申银万国,2423,1081,
14,东吴期货,2315,-68,
15,鲁证期货,2303,-83,
16,国投安信,2288,-976,
17,金瑞期货,2073,1679,
18,南华期货,1520,463,
19,宏源期货,1456,315,
20,国信期货,1451,-458,
总计,93017,15460,

名次,会员简称,持买单量,增减,
1,国泰君安,5303,2123,
2,华安期货,3697,150,
3,徽商期货,3120,31,
4,国投安信,2977,-190,
5,永安期货,2561,-340,
6,鲁证期货,2529,50,
7,一德期货,2431,-3019,
8,南华期货,1927,488,
9,中粮期货,1838,4,
10,方正中期,1769,8,
11,中信期货,1688,59,
12,东证期货,1489,-25,
13,兴证期货,1471,-2,
14,海通期货,1469,-46,
15,上海中期,1375,200,
16,华泰期货,1315,168,
17,银河期货,1298,-26,
18,宝城期货,1164,60,
19,中国国际,1147,-11,
20,广州金控,1111,109,
总计,41679,-209,

名次,会员简称,持卖单量,增减,
1,中信期货,7491,10,
2,华泰期货,4586,513,
3,国投安信,4508,-228,
4,摩根大通,3394,0,
5,国泰君安,2691,-127,
6,兴证期货,2621,-505,
7,永安期货,2323,-222,
8,东证期货,2102,30,
9,海通期货,2016,260,
10,方正中期,1874,136,
11,宏源期货,1810,-161,
12,国海良时,1806,-56,
13,国信期货,1456,138,
14,广发期货,1412,-14,
15,南华期货,1382,16,
16,中粮期货,1291,37,
17,东吴期货,1228,881,
18,东兴期货,1225,3,
19,中金期货,1174,-237,
20,鲁证期货,1070,19,
总计,47460,493,



会员类别,总成交量,增减,
期货公司会员,93017,15460,

会员类别,总持买单量,增减,
期货公司会员,41679,-209,

会员类别,总持卖单量,增减,
期货公司会员,47460,493,

,大连商品交易所 成交量_买持仓_卖持仓排名,

合约代码：m2005,Date：2019-11-18,

,期货公司会员,

名次,会员简称,成交量,增减,
1,东证期货,132120,3655,
2,新湖期货,46017,-23929,
3,海通期货,35430,1566,
4,国泰君安,31770,4433,
5,光大期货,29743,-1761,
6,永安期货,25867,6478,
7,国富期货,22916,9532,
8,国投安信,22430,1835,
9,徽商期货,21806,7255,
10,华安期货,20315,3771,
11,浙商期货,17584,-344,
12,华泰期货,16486,218,
13,盛达期货,14981,6838,
14,中信期货,14869,-8016,
15,广州金控,14536,3167,
16,银河期货,12632,-2362,
17,中粮期货,12434,-6937,
18,广发期货,12058,2010,
19,申银万国,11825,-3290,
20,中信建投,11474,3427,
总计,527293,7546,

名次,会员简称,持买单量,增减,
1,永安期货,72944,-5998,
2,一德期货,66563,3857,
3,东证期货,57546,4239,
4,中信期货,57435,-883,
5,华泰期货,51129,1247,
6,广发期货,46111,7110,
7,申银万国,41157,1428,
8,浙商期货,41089,-6776,
9,方正中期,32210,541,
10,大越期货,30802,2,
11,银河期货,30506,-475,
12,国投安信,30318,2221,
13,宏源期货,27608,2,
14,国泰君安,22959,2014,
15,中粮期货,19866,2369,
16,五矿经易,19833,-755,
17,大地期货,19339,701,
18,瑞达期货,19310,258,
19,徽商期货,17542,377,
20,弘业期货,16754,-518,
总计,721021,10961,

名次,会员简称,持卖单量,增减,
1,中粮期货,277509,-947,
2,国投安信,171049,2967,
3,摩根大通,72781,-521,
4,银河期货,65017,423,
5,五矿经易,60951,-312,
6,申银万国,45764,677,
7,一德期货,39757,3563,
8,永安期货,34298,1693,
9,新湖期货,33321,1441,
10,鲁证期货,30319,-1733,
11,国泰君安,29260,6484,
12,信达期货,28230,3250,
13,北京首创,25298,-1996,
14,中信期货,24502,492,
15,安粮期货,21184,-796,
16,中国国际,20750,-20,
17,南华期货,20630,-163,
18,倍特期货,19097,-18,
19,东证期货,17438,97,
20,金瑞期货,12829,1525,
总计,1049984,16106,



会员类别,总成交量,增减,
期货公司会员,527293,7546,

会员类别,总持买单量,增减,
期货公司会员,721021,10961,

会员类别,总持卖单量,增减,
期货公司会员,1049984,16106,

,大连商品交易所 成交量_买持仓_卖持仓排名,

合约代码：p2009,Date：2019-11-18,

,期货公司会员,

名次,会员简称,成交量,增减,
1,国元期货,1602,763,
2,永安期货,603,148,
3,徽商期货,335,140,
4,中信期货,306,136,
5,海证期货,291,246,
6,方正中期,179,-153,
7,上海中期,165,130,
8,渤海期货,144,127,
9,东证期货,126,49,
10,中辉期货,123,-12,
11,宏源期货,110,-1,
12,银河期货,102,-3,
13,恒泰期货,99,97,
14,华安期货,98,-64,
15,华金期货,88,83,
16,国联期货,87,80,
17,海通期货,79,-63,
18,中国国际,58,52,
19,申银万国,58,-12,
20,中信建投,55,52,
总计,4708,1795,

名次,会员简称,持买单量,增减,
1,申银万国,1838,6,
2,渤海期货,1658,142,
3,上海中期,1227,-1,
4,永安期货,1218,-444,
5,德盛期货,1128,-1,
6,华泰期货,742,8,
7,中信期货,695,180,
8,瑞达期货,586,20,
9,中国国际,561,51,
10,方正中期,540,-118,
11,银河期货,521,33,
12,国泰君安,516,25,
13,浙商期货,478,1,
14,华安期货,424,0,
15,国投安信,424,-9,
16,中辉期货,266,-63,
17,东航期货,263,-1,
18,徽商期货,259,146,
19,海证期货,240,189,
20,国海良时,237,-3,
总计,13821,161,

名次,会员简称,持卖单量,增减,
1,国投安信,4979,30,
2,国富期货,2954,10,
3,浙商期货,1356,2,
4,国泰君安,1221,8,
5,中辉期货,962,0,
6,永安期货,589,23,
7,金信期货,500,0,
8,建信期货,437,2,
9,前海期货,358,0,
10,上海中期,337,128,
11,华泰期货,258,32,
12,东证期货,249,26,
13,东方财富,240,0,
14,广州金控,214,0,
15,华金期货,209,39,
16,平安期货,207,1,
17,东吴期货,197,1,
18,方正中期,188,1,
19,长江期货,165,2,
20,德盛期货,164,-50,
总计,15784,255,



会员类别,总成交量,增减,
期货公司会员,4708,1795,

会员类别,总持买单量,增减,
期货公司会员,13821,161,

会员类别,总持卖单量,增减,
期货公司会员,15784,255,

,大连商品交易所 成交量_买持仓_卖持仓排名,

合约代码：l2001,Date：2019-11-18,

,期货公司会员,

名次,会员简称,成交量,增减,
1,东证期货,75208,-24273,
2,兴证期货,38510,-6626,
3,国富期货,31471,-4016,
4,海通期货,16833,-4989,
5,光大期货,14051,1648,
6,华泰期货,13615,-3422,
7,方正中期,12004,2867,
8,浙商期货,8192,-253,
9,国泰君安,8063,366,
10,永安期货,6353,-209,
11,徽商期货,6244,1624,
12,招商期货,4999,-2216,
13,中信期货,4927,-1346,
14,申银万国,4890,-2854,
15,国投安信,3835,-1696,
16,弘业期货,3785,-2810,
17,南华期货,3743,-1998,
18,银河期货,3633,-1360,
19,国信期货,2891,-580,
20,鲁证期货,2845,-250,
总计,266092,-52393,

名次,会员简称,持买单量,增减,
1,永安期货,38283,-3237,
2,南华期货,15389,121,
3,广发期货,9571,32,
4,中信期货,9239,-244,
5,东证期货,9034,56,
6,华泰期货,8598,470,
7,弘业期货,7123,105,
8,兴证期货,7034,-343,
9,方正中期,6835,684,
10,建信期货,6807,-124,
11,申银万国,6058,-518,
12,北京首创,5961,28,
13,徽商期货,5017,775,
14,浙商期货,4967,-416,
15,华安期货,4950,-609,
16,中大期货,4912,-196,
17,国泰君安,4658,225,
18,大地期货,4640,-76,
19,国投安信,4426,-1477,
20,光大期货,4251,-1075,
总计,167753,-5819,

名次,会员简称,持卖单量,增减,
1,中信期货,23017,-285,
2,国投安信,21200,310,
3,银河期货,17499,-769,
4,华泰期货,14329,-2311,
5,海通期货,12774,-45,
6,浙商期货,12652,1432,
7,永安期货,11689,-900,
8,东证期货,10790,160,
9,方正中期,10749,1160,
10,光大期货,6133,-94,
11,申银万国,5453,-438,
12,国富期货,5380,104,
13,建信期货,5324,-36,
14,国海良时,5155,73,
15,国泰君安,5123,-1830,
16,兴证期货,5108,-597,
17,信达期货,4892,-113,
18,弘业期货,4473,1080,
19,中财期货,4301,30,
20,长城期货,4156,0,
总计,190197,-3069,



会员类别,总成交量,增减,
期货公司会员,266092,-52393,

会员类别,总持买单量,增减,
期货公司会员,167753,-5819,

会员类别,总持卖单量,增减,
期货公司会员,190197,-3069,

,大连商品交易所 成交量_买持仓_卖持仓排名,

合约代码：m2001,Date：2019-11-18,

,期货公司会员,

名次,会员简称,成交量,增减,
1,东证期货,281034,-25420,
2,海通期货,86963,8097,
3,国富期货,79818,5438,
4,新湖期货,68844,-632,
5,兴证期货,57613,1285,
6,国泰君安,39453,6562,
7,申银万国,34860,11744,
8,方正中期,33185,3475,
9,中信期货,32708,-3957,
10,光大期货,27635,3222,
11,格林大华,25377,10256,
12,银河期货,25350,7537,
13,徽商期货,23877,2316,
14,华安期货,22235,5661,
15,永安期货,20012,6835,
16,华泰期货,20004,4885,
17,华信期货,19783,11348,
18,鲁证期货,18555,-8369,
19,国投安信,16244,-4654,
20,浙商期货,14534,2332,
总计,948084,47961,

名次,会员简称,持买单量,增减,
1,五矿经易,52322,578,
2,永安期货,50168,-2405,
3,中粮期货,44665,230,
4,鲁证期货,34499,396,
5,国投安信,29576,3014,
6,新湖期货,21791,491,
7,申银万国,19668,782,
8,中信期货,19303,-1736,
9,安粮期货,18186,828,
10,一德期货,18035,2986,
11,大越期货,17625,629,
12,南华期货,16660,1247,
13,东证期货,14998,-2610,
14,海通期货,13354,-2896,
15,国富期货,13194,408,
16,银河期货,12988,-377,
17,光大期货,11433,246,
18,宏源期货,10778,1333,
19,大地期货,10003,121,
20,华安期货,9827,-115,
总计,439073,3150,

名次,会员简称,持卖单量,增减,
1,中粮期货,72427,-2663,
2,国投安信,60950,-3970,
3,摩根大通,49571,-640,
4,一德期货,41888,586,
5,新湖期货,40024,-729,
6,银河期货,30886,-2011,
7,广发期货,30769,109,
8,国泰君安,30713,1685,
9,倍特期货,17939,-4,
10,海通期货,17668,3721,
11,鲁证期货,16797,-281,
12,华泰期货,16783,-317,
13,北京首创,13278,3242,
14,中信期货,13094,-724,
15,宏源期货,12881,-350,
16,信达期货,12858,-125,
17,格林大华,9451,7500,
18,国富期货,9242,-450,
19,永安期货,8947,-73,
20,东证期货,8375,-664,
总计,514541,3842,



会员类别,总成交量,增减,
期货公司会员,948084,47961,

会员类别,总持买单量,增减,
期货公司会员,439073,3150,

会员类别,总持卖单量,增减,
期货公司会员,514541,3842,

,大连商品交易所 成交量_买持仓_卖持仓排名,

合约代码：jm2005,Date：2019-11-18,

,期货公司会员,

名次,会员简称,成交量,增减,
1,东证期货,904,278,
2,光大期货,850,432,
3,国富期货,850,281,
4,华泰期货,682,94,
5,国投安信,595,349,
6,申银万国,491,271,
7,国信期货,468,313,
8,兴证期货,449,426,
9,安粮期货,420,264,
10,中信建投,415,351,
11,海通期货,407,219,
12,国泰君安,360,192,
13,永安期货,344,202,
14,长江期货,321,139,
15,银河期货,316,-124,
16,国贸期货,307,278,
17,宏源期货,270,17,
18,浙商期货,257,-199,
19,方正中期,255,141,
20,五矿经易,236,156,
总计,9197,4080,

名次,会员简称,持买单量,增减,
1,银河期货,2007,107,
2,华泰期货,1737,-129,
3,格林大华,1726,1,
4,国投安信,1230,401,
5,国泰君安,930,-5,
6,英大期货,783,158,
7,申银万国,678,11,
8,方正中期,658,7,
9,永安期货,606,-13,
10,浙商期货,579,58,
11,长江期货,574,49,
12,兴证期货,538,349,
13,招商期货,534,-3,
14,冠通期货,512,38,
15,宝城期货,504,2,
16,东海期货,472,-32,
17,光大期货,454,184,
18,东吴期货,426,-5,
19,中大期货,425,-32,
20,东航期货,408,-1,
总计,15781,1145,

名次,会员简称,持卖单量,增减,
1,永安期货,3330,-51,
2,银河期货,2151,137,
3,北京首创,1620,74,
4,中国国际,982,-7,
5,国泰君安,855,247,
6,东海期货,798,0,
7,中信期货,671,-19,
8,长江期货,569,-24,
9,华泰期货,561,-33,
10,东证期货,554,253,
11,东航期货,547,15,
12,宏源期货,523,46,
13,中辉期货,516,75,
14,先锋期货,514,1,
15,中钢期货,481,26,
16,光大期货,456,182,
17,东吴期货,434,13,
18,国信期货,429,171,
19,中信建投,393,334,
20,国投安信,378,42,
总计,16762,1482,



会员类别,总成交量,增减,
期货公司会员,9197,4080,

会员类别,总持买单量,增减,
期货公司会员,15781,1145,

会员类别,总持卖单量,增减,
期货公司会员,16762,1482,

,大连商品交易所 成交量_买持仓_卖持仓排名,

合约代码：y2005,Date：2019-11-18,

,期货公司会员,

名次,会员简称,成交量,增减,
1,东证期货,61858,2085,
2,光大期货,33154,-1217,
3,中粮期货,22232,9384,
4,兴证期货,14072,-1499,
5,海通期货,13957,2707,
6,中信期货,13045,3147,
7,国元期货,10038,-5246,
8,华安期货,9205,582,
9,申银万国,9113,1499,
10,广发期货,8899,326,
11,浙商期货,8012,249,
12,国投安信,7798,-2826,
13,银河期货,7622,4590,
14,国泰君安,6422,1972,
15,永安期货,5591,140,
16,国信期货,5410,3489,
17,华泰期货,5334,795,
18,方正中期,4477,1262,
19,一德期货,4460,-1138,
20,徽商期货,4074,2135,
总计,254773,22436,

名次,会员简称,持买单量,增减,
1,永安期货,17870,-45,
2,银河期货,17724,3150,
3,中粮期货,15748,-2521,
4,光大期货,13505,611,
5,中财期货,13181,121,
6,一德期货,12935,-470,
7,信达期货,12863,2822,
8,中信期货,11050,2884,
9,北京首创,8793,770,
10,东证期货,8681,2497,
11,国投安信,7719,415,
12,金瑞期货,7013,1735,
13,华泰期货,6377,515,
14,申银万国,6198,7,
15,华安期货,5939,3560,
16,前海期货,5921,49,
17,五矿经易,5730,-138,
18,浙商期货,5654,115,
19,海通期货,4465,936,
20,大越期货,4292,1320,
总计,191658,18333,

名次,会员简称,持卖单量,增减,
1,中粮期货,65926,11275,
2,国投安信,44126,2409,
3,摩根大通,19372,0,
4,一德期货,13991,1138,
5,新湖期货,13712,229,
6,信达期货,12930,-267,
7,银河期货,11924,860,
8,广发期货,9810,6288,
9,中信期货,9346,777,
10,国泰君安,9335,2359,
11,五矿经易,8154,-308,
12,永安期货,7651,522,
13,北京首创,6431,472,
14,申银万国,6182,248,
15,安粮期货,5803,1150,
16,中国国际,5146,-677,
17,南华期货,4455,107,
18,东证期货,4345,-147,
19,上海中期,4225,-722,
20,平安期货,3590,186,
总计,266454,25899,



会员类别,总成交量,增减,
期货公司会员,254773,22436,

会员类别,总持买单量,增减,
期货公司会员,191658,18333,

会员类别,总持卖单量,增减,
期货公司会员,266454,25899,

