商品名称:铜                  ,合约代码:cuall                         ,,,,,,,,,
,期货公司  ,期货公司  ,239630,-67595,期货公司  ,期货公司  ,267360,4217,期货公司  ,期货公司  ,275383,4149,
商品名称:铜                  ,合约代码:cuall                         ,,,,,,,,,
,非期货公司,非期货公司,2904,-513,非期货公司,非期货公司,12300,-372,非期货公司,非期货公司,4277,-304,
RANK1合约代码:cu1910                        ,,,,,,,,,,
1,0009      ,五矿经易  ,970,-4125,0004      ,国泰君安  ,1615,350,0049      ,金瑞期货  ,3075,-40,
2,0081      ,海通期货  ,820,365,0081      ,海通期货  ,1150,285,0315      ,云晨期货  ,600,410,
3,0308      ,国信期货  ,600,600,0308      ,国信期货  ,1000,600,0121      ,格林大华  ,410,0,
4,0004      ,国泰君安  ,590,-1435,0034      ,方正中期  ,810,-235,0169      ,兴业期货  ,255,-5,
5,0148      ,中信期货  ,555,-1240,0177      ,大地期货  ,440,90,0148      ,中信期货  ,230,-405,
6,0034      ,方正中期  ,540,-565,0372      ,中银国际  ,200,45,0277      ,一德期货  ,220,-105,
7,0315      ,云晨期货  ,410,215,0240      ,广发期货  ,110,30,0163      ,东证期货  ,170,0,
8,0372      ,中银国际  ,345,-155,0003      ,建信期货  ,80,20,0139      ,中粮期货  ,140,75,
9,0049      ,金瑞期货  ,245,-830,0163      ,东证期货  ,70,0,0009      ,五矿经易  ,135,-735,
10,0277      ,一德期货  ,205,-185,0268      ,中信建投  ,65,60,0003      ,建信期货  ,40,-60,
11,0008      ,上海中期  ,200,65,0125      ,中大期货  ,60,0,0123      ,浙商期货  ,40,0,
12,0082      ,国投安信  ,170,35,0148      ,中信期货  ,55,-70,0240      ,广发期货  ,25,5,
13,0007      ,东海期货  ,155,-310,0028      ,通惠期货  ,40,40,0058      ,国贸期货  ,5,5,
14,0031      ,中航期货  ,150,130,0259      ,华闻期货  ,25,0,0159      ,倍特期货  ,5,0,
15,0139      ,中粮期货  ,145,85,0169      ,兴业期货  ,20,20,,,,,
16,0240      ,广发期货  ,145,-110,0073      ,东华期货  ,5,5,,,,,
17,0003      ,建信期货  ,140,-1095,0272      ,银河期货  ,5,-25,,,,,
18,0051      ,华金期货  ,120,-20,,,,,,,,,
19,0103      ,永安期货  ,115,-480,,,,,,,,,
20,0058      ,国贸期货  ,105,-690,,,,,,,,,
合计:cu1910                        ,,,6725,-9745,,,5750,1215,,,5350,-855,
RANK1合约代码:cu1911                        ,,,,,,,,,,
1,0253      ,华泰期货  ,13172,-5698,0049      ,金瑞期货  ,10462,-258,0009      ,五矿经易  ,11025,-100,
2,0163      ,东证期货  ,6893,124,0315      ,云晨期货  ,6927,-143,0081      ,海通期货  ,6017,242,
3,0009      ,五矿经易  ,3929,-3560,0103      ,永安期货  ,4527,-274,0148      ,中信期货  ,5393,-1150,
4,0148      ,中信期货  ,3792,-1046,0009      ,五矿经易  ,3987,125,0049      ,金瑞期货  ,5220,423,
5,0082      ,国投安信  ,3309,181,0003      ,建信期货  ,3840,-46,0103      ,永安期货  ,5136,-25,
6,0081      ,海通期货  ,3143,259,0058      ,国贸期货  ,3741,612,0299      ,华安期货  ,3932,-122,
7,0320      ,大有期货  ,3064,410,0148      ,中信期货  ,3279,-652,0082      ,国投安信  ,3881,-860,
8,0308      ,国信期货  ,2883,1106,0253      ,华泰期货  ,2996,-276,0058      ,国贸期货  ,3704,727,
9,0058      ,国贸期货  ,2395,-335,0025      ,铜冠金源  ,2521,282,0003      ,建信期货  ,3573,-92,
10,0025      ,铜冠金源  ,1968,-679,0081      ,海通期货  ,1954,279,0240      ,广发期货  ,2785,-527,
11,0049      ,金瑞期货  ,1939,-436,0069      ,申万期货  ,1732,-100,0139      ,中粮期货  ,2438,-116,
12,0299      ,华安期货  ,1843,-192,0169      ,兴业期货  ,1672,4,0121      ,格林大华  ,2273,227,
13,0272      ,银河期货  ,1596,-163,0277      ,一德期货  ,1626,168,0004      ,国泰君安  ,2098,288,
14,0004      ,国泰君安  ,1346,-142,0034      ,方正中期  ,1507,-43,0372      ,中银国际  ,2017,158,
15,0372      ,中银国际  ,1307,-173,0178      ,弘业期货  ,1404,23,0169      ,兴业期货  ,1763,-265,
16,0096      ,南华期货  ,1293,-1214,0272      ,银河期货  ,1347,18,0275      ,鲁证期货  ,1704,16,
17,0103      ,永安期货  ,1161,5,0067      ,中财期货  ,1328,0,0047      ,迈科期货  ,1695,107,
18,0003      ,建信期货  ,1072,-543,0096      ,南华期货  ,1328,58,0272      ,银河期货  ,1643,-848,
19,0240      ,广发期货  ,1061,35,0004      ,国泰君安  ,1178,-150,0308      ,国信期货  ,1642,1109,
20,0277      ,一德期货  ,1060,299,0268      ,中信建投  ,1161,-33,0277      ,一德期货  ,1316,164,
合计:cu1911                        ,,,58226,-11762,,,58517,-406,,,69255,-644,
RANK1合约代码:cu1912                        ,,,,,,,,,,
1,0253      ,华泰期货  ,18345,-5585,0049      ,金瑞期货  ,9704,-206,0148      ,中信期货  ,15329,493,
2,0163      ,东证期货  ,11345,-4984,0004      ,国泰君安  ,7468,-496,0004      ,国泰君安  ,7457,-193,
3,0148      ,中信期货  ,7723,-977,0148      ,中信期货  ,6164,186,0082      ,国投安信  ,5961,303,
4,0009      ,五矿经易  ,5954,-1198,0103      ,永安期货  ,6133,478,0009      ,五矿经易  ,5455,353,
5,0081      ,海通期货  ,4346,-328,0272      ,银河期货  ,4329,81,0049      ,金瑞期货  ,5209,-84,
6,0025      ,铜冠金源  ,3994,-469,0157      ,中国国际  ,3215,134,0047      ,迈科期货  ,5043,-6,
7,0082      ,国投安信  ,3991,-2870,0159      ,倍特期货  ,3183,-5,0058      ,国贸期货  ,4725,235,
8,0311      ,兴证期货  ,3042,-214,0315      ,云晨期货  ,2855,-16,0240      ,广发期货  ,4596,190,
9,0385      ,国富期货  ,2902,-1666,0137      ,宏源期货  ,2817,-76,0169      ,兴业期货  ,4119,284,
10,0308      ,国信期货  ,2651,145,0031      ,中航期货  ,2779,198,0103      ,永安期货  ,4004,-57,
11,0096      ,南华期货  ,2307,658,0096      ,南华期货  ,2318,293,0003      ,建信期货  ,3804,9,
12,0320      ,大有期货  ,2270,-39,0025      ,铜冠金源  ,2283,57,0025      ,铜冠金源  ,3118,415,
13,0095      ,国金期货  ,1936,1610,0253      ,华泰期货  ,2061,-152,0272      ,银河期货  ,2752,-294,
14,0272      ,银河期货  ,1901,-1344,0169      ,兴业期货  ,2022,-31,0121      ,格林大华  ,2499,-12,
15,0004      ,国泰君安  ,1893,-1519,0081      ,海通期货  ,2021,487,0253      ,华泰期货  ,2405,-295,
16,0169      ,兴业期货  ,1799,570,0034      ,方正中期  ,1946,-3,0077      ,新湖期货  ,2111,-231,
17,0034      ,方正中期  ,1553,-901,0003      ,建信期货  ,1887,-47,0008      ,上海中期  ,1762,439,
18,0274      ,中辉期货  ,1412,-2128,0069      ,申万期货  ,1856,17,0299      ,华安期货  ,1702,-124,
19,0103      ,永安期货  ,1377,-1356,0058      ,国贸期货  ,1828,75,0059      ,瑞达期货  ,1599,171,
20,0240      ,广发期货  ,1343,-390,0136      ,信达期货  ,1718,-60,0268      ,中信建投  ,1592,159,
合计:cu1912                        ,,,82084,-22985,,,68587,914,,,85242,1755,
RANK1合约代码:cu2001                        ,,,,,,,,,,
1,0163      ,东证期货  ,5033,-38,0049      ,金瑞期货  ,5990,-67,0003      ,建信期货  ,4546,0,
2,0253      ,华泰期货  ,3193,-255,0315      ,云晨期货  ,4336,0,0082      ,国投安信  ,3844,-2,
3,0148      ,中信期货  ,1918,315,0004      ,国泰君安  ,3205,727,0049      ,金瑞期货  ,3436,2,
4,0009      ,五矿经易  ,1826,-416,0025      ,铜冠金源  ,2580,191,0009      ,五矿经易  ,2877,11,
5,0385      ,国富期货  ,1297,-20,0031      ,中航期货  ,2027,101,0148      ,中信期货  ,2351,555,
6,0025      ,铜冠金源  ,1168,-447,0095      ,国金期货  ,2012,-1,0272      ,银河期货  ,1828,334,
7,0308      ,国信期货  ,1142,157,0148      ,中信期货  ,1951,261,0058      ,国贸期货  ,1721,105,
8,0004      ,国泰君安  ,1021,54,0103      ,永安期货  ,1922,249,0121      ,格林大华  ,1673,-1,
9,0272      ,银河期货  ,976,170,0096      ,南华期货  ,1330,24,0169      ,兴业期货  ,1492,-210,
10,0016      ,上海大陆  ,928,895,0034      ,方正中期  ,1287,25,0047      ,迈科期货  ,1413,-2,
11,0082      ,国投安信  ,713,-750,0081      ,海通期货  ,1275,-4,0025      ,铜冠金源  ,1370,-15,
12,0320      ,大有期货  ,647,331,0272      ,银河期货  ,1174,-4,0088      ,东亚期货  ,1200,0,
13,0298      ,东方财富  ,599,40,0178      ,弘业期货  ,925,6,0051      ,华金期货  ,1161,-105,
14,0274      ,中辉期货  ,592,-16,0253      ,华泰期货  ,867,201,0259      ,华闻期货  ,1141,-31,
15,0338      ,广州期货  ,484,49,0077      ,新湖期货  ,606,-1,0004      ,国泰君安  ,1086,-12,
16,0103      ,永安期货  ,399,298,0139      ,中粮期货  ,578,-3,0372      ,中银国际  ,1071,88,
17,0081      ,海通期货  ,356,-9,0169      ,兴业期货  ,578,5,0016      ,上海大陆  ,950,920,
18,0319      ,西部期货  ,347,61,0047      ,迈科期货  ,555,75,0103      ,永安期货  ,747,12,
19,0069      ,申万期货  ,337,9,0125      ,中大期货  ,555,0,0240      ,广发期货  ,733,110,
20,0003      ,建信期货  ,313,249,0268      ,中信建投  ,525,-4,0028      ,通惠期货  ,600,0,
合计:cu2001                        ,,,23289,677,,,34278,1781,,,35240,1759,
RANK1合约代码:cu2002                        ,,,,,,,,,,
1,0163      ,东证期货  ,1126,-254,0081      ,海通期货  ,899,29,0003      ,建信期货  ,2180,0,
2,0272      ,银河期货  ,924,754,0268      ,中信建投  ,853,2,0049      ,金瑞期货  ,1831,0,
3,0148      ,中信期货  ,674,84,0240      ,广发期货  ,789,170,0009      ,五矿经易  ,1449,-101,
4,0253      ,华泰期货  ,562,-35,0315      ,云晨期货  ,769,0,0051      ,华金期货  ,1316,107,
5,0385      ,国富期货  ,540,-123,0186      ,徽商期货  ,662,7,0088      ,东亚期货  ,1282,0,
6,0082      ,国投安信  ,510,55,0002      ,中钢期货  ,623,122,0096      ,南华期货  ,939,443,
7,0096      ,南华期货  ,495,481,0049      ,金瑞期货  ,559,-8,0272      ,银河期货  ,837,804,
8,0298      ,东方财富  ,325,228,0272      ,银河期货  ,535,34,0169      ,兴业期货  ,662,102,
9,0274      ,中辉期货  ,259,-62,0077      ,新湖期货  ,531,82,0059      ,瑞达期货  ,631,4,
10,0034      ,方正中期  ,224,-77,0001      ,招金期货  ,529,23,0047      ,迈科期货  ,602,0,
11,0081      ,海通期货  ,211,-601,0031      ,中航期货  ,519,0,0081      ,海通期货  ,507,0,
12,0308      ,国信期货  ,203,-7,0034      ,方正中期  ,422,1,0004      ,国泰君安  ,476,0,
13,0009      ,五矿经易  ,196,-14,0019      ,宝城期货  ,402,2,0274      ,中辉期货  ,438,11,
14,0240      ,广发期货  ,170,77,0096      ,南华期货  ,361,-2,0139      ,中粮期货  ,331,89,
15,0025      ,铜冠金源  ,131,-89,0025      ,铜冠金源  ,357,22,0137      ,宏源期货  ,222,-1,
16,0002      ,中钢期货  ,124,-80,0338      ,广州期货  ,272,98,0058      ,国贸期货  ,183,65,
17,0338      ,广州期货  ,116,111,0137      ,宏源期货  ,270,0,0148      ,中信期货  ,159,-13,
18,0319      ,西部期货  ,110,18,0148      ,中信期货  ,256,-11,0025      ,铜冠金源  ,134,5,
19,0051      ,华金期货  ,107,7,0047      ,迈科期货  ,254,0,0082      ,国投安信  ,103,-14,
20,0169      ,兴业期货  ,107,29,0253      ,华泰期货  ,248,105,0121      ,格林大华  ,90,-11,
合计:cu2002                        ,,,7114,502,,,10110,676,,,14372,1490,
商品名称:铝                  ,合约代码:alall                         ,,,,,,,,,
,期货公司  ,期货公司  ,255914,-43158,期货公司  ,期货公司  ,328221,-5185,期货公司  ,期货公司  ,329702,-5185,
商品名称:铝                  ,合约代码:alall                         ,,,,,,,,,
,非期货公司,非期货公司,0,-10,非期货公司,非期货公司,1886,0,非期货公司,非期货公司,405,0,
RANK1合约代码:al1910                        ,,,,,,,,,,
1,0157      ,中国国际  ,2715,1010,0315      ,云晨期货  ,2835,-215,0047      ,迈科期货  ,2260,0,
2,0116      ,首创期货  ,2365,1750,0308      ,国信期货  ,2000,-380,0315      ,云晨期货  ,1925,0,
3,0315      ,云晨期货  ,2215,-4180,0157      ,中国国际  ,1000,1000,0003      ,建信期货  ,1435,20,
4,0139      ,中粮期货  ,1780,1280,0275      ,鲁证期货  ,985,155,0148      ,中信期货  ,1210,-180,
5,0029      ,国海良时  ,1450,1450,0116      ,首创期货  ,465,-115,0004      ,国泰君安  ,600,0,
6,0081      ,海通期货  ,1155,420,0139      ,中粮期货  ,360,-255,0157      ,中国国际  ,575,-1715,
7,0034      ,方正中期  ,1140,-195,0029      ,国海良时  ,260,260,0249      ,先融期货  ,375,0,
8,0275      ,鲁证期货  ,815,705,0349      ,德盛期货  ,230,230,0139      ,中粮期货  ,225,-1505,
9,0277      ,一德期货  ,700,340,0082      ,国投安信  ,200,0,0137      ,宏源期货  ,210,25,
10,0271      ,渤海期货  ,670,670,0089      ,金元期货  ,200,-85,0009      ,五矿经易  ,200,-205,
11,0240      ,广发期货  ,600,600,0034      ,方正中期  ,125,-1010,0159      ,倍特期货  ,5,0,
12,0095      ,国金期货  ,575,445,0298      ,东方财富  ,95,0,0161      ,招商期货  ,5,0,
13,0249      ,先融期货  ,405,150,0095      ,国金期货  ,60,60,,,,,
14,0308      ,国信期货  ,380,380,0177      ,大地期货  ,60,60,,,,,
15,0096      ,南华期货  ,320,285,0008      ,上海中期  ,50,0,,,,,
16,0049      ,金瑞期货  ,315,-520,0003      ,建信期货  ,40,-45,,,,,
17,0103      ,永安期货  ,290,-1050,0320      ,大有期货  ,20,-220,,,,,
18,0048      ,长江期货  ,250,-20,0096      ,南华期货  ,15,-320,,,,,
19,0349      ,德盛期货  ,240,240,0253      ,华泰期货  ,10,0,,,,,
20,0009      ,五矿经易  ,235,-520,0013      ,中融汇信  ,5,0,,,,,
合计:al1910                        ,,,18615,3240,,,9015,-880,,,9025,-3560,
RANK1合约代码:al1911                        ,,,,,,,,,,
1,0081      ,海通期货  ,17245,-5079,0116      ,首创期货  ,5852,590,0148      ,中信期货  ,14347,-271,
2,0163      ,东证期货  ,6405,-4583,0103      ,永安期货  ,4982,-85,0082      ,国投安信  ,7493,794,
3,0148      ,中信期货  ,5424,-2109,0148      ,中信期货  ,4731,-259,0139      ,中粮期货  ,5803,159,
4,0274      ,中辉期货  ,5033,-20,0034      ,方正中期  ,4362,-92,0042      ,光大期货  ,4603,31,
5,0315      ,云晨期货  ,4675,2740,0308      ,国信期货  ,4207,-207,0003      ,建信期货  ,3215,18,
6,0082      ,国投安信  ,3681,-1139,0096      ,南华期货  ,3577,-670,0240      ,广发期货  ,2701,-39,
7,0157      ,中国国际  ,3332,2870,0009      ,五矿经易  ,3122,343,0275      ,鲁证期货  ,2652,-90,
8,0253      ,华泰期货  ,2659,-3121,0253      ,华泰期货  ,2992,97,0157      ,中国国际  ,2574,-1745,
9,0029      ,国海良时  ,2553,2404,0272      ,银河期货  ,2908,-252,0081      ,海通期货  ,2533,-329,
10,0139      ,中粮期货  ,2033,-137,0047      ,迈科期货  ,2840,-833,0308      ,国信期货  ,2224,-179,
11,0277      ,一德期货  ,2026,-77,0049      ,金瑞期货  ,2814,-211,0299      ,华安期货  ,2203,725,
12,0311      ,兴证期货  ,1765,-3293,0275      ,鲁证期货  ,2139,-511,0137      ,宏源期货  ,2076,200,
13,0069      ,申万期货  ,1706,-617,0008      ,上海中期  ,2097,-6,0096      ,南华期货  ,1932,-218,
14,0123      ,浙商期货  ,1702,1398,0139      ,中粮期货  ,1967,50,0315      ,云晨期货  ,1826,-1541,
15,0034      ,方正中期  ,1401,-3135,0077      ,新湖期货  ,1668,-260,0253      ,华泰期货  ,1435,-202,
16,0009      ,五矿经易  ,1394,-1062,0240      ,广发期货  ,1654,-88,0004      ,国泰君安  ,1418,184,
17,0049      ,金瑞期货  ,1390,-489,0003      ,建信期货  ,1559,-37,0277      ,一德期货  ,1387,-260,
18,0308      ,国信期货  ,1314,-797,0157      ,中国国际  ,1504,1183,0163      ,东证期货  ,1318,-20,
19,0096      ,南华期货  ,1202,459,0004      ,国泰君安  ,1471,-35,0103      ,永安期货  ,1164,27,
20,0272      ,银河期货  ,1153,-811,0315      ,云晨期货  ,1429,1098,0385      ,国富期货  ,1135,18,
合计:al1911                        ,,,68093,-16598,,,57875,-185,,,64039,-2738,
RANK1合约代码:al1912                        ,,,,,,,,,,
1,0081      ,海通期货  ,9305,-2566,0136      ,信达期货  ,6141,64,0148      ,中信期货  ,23036,2058,
2,0274      ,中辉期货  ,7658,901,0103      ,永安期货  ,6021,50,0082      ,国投安信  ,7268,-1182,
3,0163      ,东证期货  ,7198,610,0049      ,金瑞期货  ,5943,-321,0139      ,中粮期货  ,6490,-978,
4,0148      ,中信期货  ,5398,-1238,0308      ,国信期货  ,5225,259,0332      ,华信期货  ,5720,-341,
5,0385      ,国富期货  ,4442,-1638,0148      ,中信期货  ,5120,-720,0116      ,首创期货  ,5658,5,
6,0082      ,国投安信  ,4094,1699,0240      ,广发期货  ,4948,-56,0315      ,云晨期货  ,5186,0,
7,0308      ,国信期货  ,3601,1491,0081      ,海通期货  ,4839,419,0004      ,国泰君安  ,5036,22,
8,0069      ,申万期货  ,2747,-654,0139      ,中粮期货  ,4552,190,0103      ,永安期货  ,4411,544,
9,0253      ,华泰期货  ,2688,-1878,0272      ,银河期货  ,4295,-129,0136      ,信达期货  ,2476,454,
10,0052      ,山金期货  ,2456,889,0008      ,上海中期  ,4051,185,0042      ,光大期货  ,2440,297,
11,0034      ,方正中期  ,2392,-3250,0253      ,华泰期货  ,3929,-388,0271      ,渤海期货  ,2401,19,
12,0004      ,国泰君安  ,2075,-265,0277      ,一德期货  ,2946,689,0034      ,方正中期  ,2243,-264,
13,0018      ,国联期货  ,2048,143,0299      ,华安期货  ,2819,-114,0240      ,广发期货  ,1966,348,
14,0315      ,云晨期货  ,1869,1857,0034      ,方正中期  ,2716,-84,0253      ,华泰期货  ,1905,860,
15,0137      ,宏源期货  ,1668,912,0004      ,国泰君安  ,2383,-47,0277      ,一德期货  ,1774,-207,
16,0277      ,一德期货  ,1620,766,0169      ,兴业期货  ,2225,0,0008      ,上海中期  ,1678,-46,
17,0009      ,五矿经易  ,1513,-1446,0159      ,倍特期货  ,1964,-473,0029      ,国海良时  ,1656,61,
18,0139      ,中粮期货  ,1328,964,0047      ,迈科期货  ,1770,890,0299      ,华安期货  ,1613,152,
19,0096      ,南华期货  ,1261,133,0082      ,国投安信  ,1741,154,0275      ,鲁证期货  ,1607,250,
20,0259      ,华闻期货  ,1191,315,0268      ,中信建投  ,1602,139,0157      ,中国国际  ,1590,-370,
合计:al1912                        ,,,66552,-2255,,,75230,707,,,86154,1682,
RANK1合约代码:al2001                        ,,,,,,,,,,
1,0081      ,海通期货  ,4531,-1984,0253      ,华泰期货  ,4774,-19,0148      ,中信期货  ,6279,404,
2,0163      ,东证期货  ,2869,372,0169      ,兴业期货  ,4199,0,0116      ,首创期货  ,4499,-35,
3,0274      ,中辉期货  ,2783,172,0029      ,国海良时  ,3574,123,0332      ,华信期货  ,4072,335,
4,0082      ,国投安信  ,2333,1856,0136      ,信达期货  ,3504,-3,0163      ,东证期货  ,2904,-30,
5,0385      ,国富期货  ,2282,550,0049      ,金瑞期货  ,3245,2,0059      ,瑞达期货  ,2759,0,
6,0069      ,申万期货  ,2101,-1224,0139      ,中粮期货  ,2902,18,0082      ,国投安信  ,2664,1512,
7,0034      ,方正中期  ,1626,82,0003      ,建信期货  ,2866,9,0003      ,建信期货  ,2443,21,
8,0148      ,中信期货  ,1454,-1450,0009      ,五矿经易  ,2704,-4,0004      ,国泰君安  ,2232,-47,
9,0008      ,上海中期  ,1291,647,0096      ,南华期货  ,2399,27,0081      ,海通期货  ,1880,-231,
10,0262      ,英大期货  ,1154,674,0103      ,永安期货  ,1938,166,0275      ,鲁证期货  ,1857,-141,
11,0253      ,华泰期货  ,914,-1538,0008      ,上海中期  ,1755,-293,0008      ,上海中期  ,1808,74,
12,0308      ,国信期货  ,857,68,0306      ,红塔期货  ,1602,0,0049      ,金瑞期货  ,1564,-1,
13,0009      ,五矿经易  ,839,-198,0163      ,东证期货  ,1472,61,0034      ,方正中期  ,1483,-888,
14,0271      ,渤海期货  ,748,643,0308      ,国信期货  ,1459,93,0137      ,宏源期货  ,1452,-10,
15,0240      ,广发期货  ,627,608,0069      ,申万期货  ,1322,-288,0270      ,前海期货  ,1359,-2,
16,0159      ,倍特期货  ,624,376,0081      ,海通期货  ,1244,18,0253      ,华泰期货  ,1317,27,
17,0299      ,华安期货  ,573,461,0047      ,迈科期货  ,1172,40,0103      ,永安期货  ,1267,6,
18,0272      ,银河期货  ,537,-419,0077      ,新湖期货  ,1091,11,0315      ,云晨期货  ,1233,0,
19,0096      ,南华期货  ,523,187,0137      ,宏源期货  ,1002,-17,0268      ,中信建投  ,1098,-48,
20,0277      ,一德期货  ,445,-96,0272      ,银河期货  ,987,-45,0009      ,五矿经易  ,1036,-47,
合计:al2001                        ,,,29111,-213,,,45211,-101,,,45206,899,
RANK1合约代码:al2002                        ,,,,,,,,,,
1,0069      ,申万期货  ,1103,-341,0308      ,国信期货  ,3805,0,0148      ,中信期货  ,6098,527,
2,0148      ,中信期货  ,898,-603,0136      ,信达期货  ,2947,0,0003      ,建信期货  ,2080,-5,
3,0163      ,东证期货  ,780,716,0103      ,永安期货  ,2800,0,0253      ,华泰期货  ,1945,28,
4,0274      ,中辉期货  ,511,-130,0139      ,中粮期货  ,2719,20,0077      ,新湖期货  ,1490,0,
5,0272      ,银河期货  ,351,-62,0148      ,中信期货  ,2659,5,0034      ,方正中期  ,1365,-79,
6,0385      ,国富期货  ,304,254,0049      ,金瑞期货  ,2541,-41,0049      ,金瑞期货  ,1130,140,
7,0253      ,华泰期货  ,292,-444,0029      ,国海良时  ,2170,0,0163      ,东证期货  ,1075,9,
8,0137      ,宏源期货  ,252,45,0169      ,兴业期货  ,1886,-20,0277      ,一德期货  ,1059,37,
9,0089      ,金元期货  ,232,16,0253      ,华泰期货  ,1656,0,0316      ,东兴期货  ,1033,-75,
10,0082      ,国投安信  ,229,-4,0008      ,上海中期  ,939,8,0315      ,云晨期货  ,940,25,
11,0277      ,一德期货  ,225,176,0270      ,前海期货  ,931,0,0270      ,前海期货  ,934,0,
12,0081      ,海通期货  ,216,96,0272      ,银河期货  ,898,44,0002      ,中钢期货  ,801,0,
13,0049      ,金瑞期货  ,187,83,0137      ,宏源期货  ,853,-16,0272      ,银河期货  ,798,109,
14,0240      ,广发期货  ,123,122,0163      ,东证期货  ,836,81,0096      ,南华期货  ,783,1,
15,0298      ,东方财富  ,115,-45,0095      ,国金期货  ,584,0,0159      ,倍特期货  ,769,-78,
16,0034      ,方正中期  ,114,-36,0081      ,海通期货  ,536,105,0298      ,东方财富  ,728,5,
17,0316      ,东兴期货  ,87,15,0009      ,五矿经易  ,493,0,0137      ,宏源期货  ,687,-60,
18,0159      ,倍特期货  ,82,76,0047      ,迈科期货  ,438,-20,0254      ,冠通期货  ,675,0,
19,0008      ,上海中期  ,72,37,0007      ,东海期货  ,426,0,0268      ,中信建投  ,636,43,
20,0124      ,江海汇鑫  ,64,49,0077      ,新湖期货  ,414,0,0103      ,永安期货  ,553,0,
合计:al2002                        ,,,6237,20,,,30531,166,,,25579,627,
商品名称:锌                  ,合约代码:znall                         ,,,,,,,,,
,期货公司  ,期货公司  ,334726,-124176,期货公司  ,期货公司  ,195825,6470,期货公司  ,期货公司  ,197205,6370,
商品名称:锌                  ,合约代码:znall                         ,,,,,,,,,
,非期货公司,非期货公司,100,-210,非期货公司,非期货公司,1380,-100,非期货公司,非期货公司,0,0,
RANK1合约代码:zn1910                        ,,,,,,,,,,
1,0029      ,国海良时  ,860,120,0095      ,国金期货  ,850,0,0095      ,国金期货  ,800,0,
2,0148      ,中信期货  ,775,710,0029      ,国海良时  ,750,460,0029      ,国海良时  ,665,0,
3,0320      ,大有期货  ,640,640,0277      ,一德期货  ,565,175,0081      ,海通期货  ,430,0,
4,0003      ,建信期货  ,505,505,0148      ,中信期货  ,325,-140,0025      ,铜冠金源  ,200,0,
5,0275      ,鲁证期货  ,415,415,0004      ,国泰君安  ,100,0,0125      ,中大期货  ,140,20,
6,0009      ,五矿经易  ,220,75,0153      ,海证期货  ,90,0,0139      ,中粮期货  ,130,0,
7,0121      ,格林大华  ,185,185,0249      ,先融期货  ,85,10,0042      ,光大期货  ,90,0,
8,0277      ,一德期货  ,175,-330,0253      ,华泰期货  ,10,-15,0047      ,迈科期货  ,85,-20,
9,0081      ,海通期货  ,140,140,0268      ,中信建投  ,5,0,0123      ,浙商期货  ,65,0,
10,0047      ,迈科期货  ,120,-20,0316      ,东兴期货  ,5,0,0058      ,国贸期货  ,60,5,
11,0163      ,东证期货  ,95,5,,,,,0153      ,海证期货  ,55,0,
12,0082      ,国投安信  ,85,-305,,,,,0148      ,中信期货  ,40,-625,
13,0049      ,金瑞期货  ,60,-35,,,,,0249      ,先融期货  ,20,-10,
14,0249      ,先融期货  ,40,40,,,,,0103      ,永安期货  ,5,0,
15,0125      ,中大期货  ,20,20,,,,,,,,,
16,0161      ,招商期货  ,20,10,,,,,,,,,
17,0103      ,永安期货  ,15,5,,,,,,,,,
18,0253      ,华泰期货  ,15,15,,,,,,,,,
19,0058      ,国贸期货  ,5,0,,,,,,,,,
合计:zn1910                        ,,,4390,2195,,,2785,490,,,2785,-630,
RANK1合约代码:zn1911                        ,,,,,,,,,,
1,0253      ,华泰期货  ,28557,-11365,0148      ,中信期货  ,5994,-31,0253      ,华泰期货  ,5636,506,
2,0148      ,中信期货  ,14438,-4443,0103      ,永安期货  ,4797,-898,0148      ,中信期货  ,5426,-525,
3,0163      ,东证期货  ,8192,-6385,0298      ,东方财富  ,4328,-820,0009      ,五矿经易  ,4654,-52,
4,0081      ,海通期货  ,6934,-7085,0308      ,国信期货  ,3961,-232,0277      ,一德期货  ,4119,119,
5,0009      ,五矿经易  ,6443,-5386,0009      ,五矿经易  ,2863,109,0103      ,永安期货  ,3186,-1382,
6,0034      ,方正中期  ,4506,-1770,0253      ,华泰期货  ,2340,267,0139      ,中粮期货  ,2879,187,
7,0004      ,国泰君安  ,3585,-1497,0049      ,金瑞期货  ,1811,47,0272      ,银河期货  ,2325,67,
8,0320      ,大有期货  ,3529,-3725,0029      ,国海良时  ,1764,836,0240      ,广发期货  ,2003,-460,
9,0103      ,永安期货  ,3064,-247,0240      ,广发期货  ,1676,52,0004      ,国泰君安  ,1772,247,
10,0277      ,一德期货  ,2181,-1711,0163      ,东证期货  ,1588,-108,0096      ,南华期货  ,1696,-285,
11,0311      ,兴证期货  ,2068,-5401,0081      ,海通期货  ,1511,385,0082      ,国投安信  ,1530,-152,
12,0272      ,银河期货  ,1930,-1908,0272      ,银河期货  ,1427,317,0121      ,格林大华  ,1521,50,
13,0096      ,南华期货  ,1920,-329,0082      ,国投安信  ,1415,0,0177      ,大地期货  ,1468,-5,
14,0186      ,徽商期货  ,1868,-1002,0047      ,迈科期货  ,1237,-240,0108      ,金汇期货  ,1294,6,
15,0298      ,东方财富  ,1861,-1314,0169      ,兴业期货  ,1081,-95,0081      ,海通期货  ,1266,-17,
16,0299      ,华安期货  ,1709,-279,0385      ,国富期货  ,1051,-93,0059      ,瑞达期货  ,1088,-14,
17,0308      ,国信期货  ,1702,-279,0088      ,东亚期货  ,1030,-15,0134      ,大越期货  ,1058,3,
18,0095      ,国金期货  ,1668,346,0311      ,兴证期货  ,960,118,0275      ,鲁证期货  ,1043,-17,
19,0029      ,国海良时  ,1623,-1870,0121      ,格林大华  ,889,-53,0320      ,大有期货  ,996,465,
20,0049      ,金瑞期货  ,1483,417,0003      ,建信期货  ,812,-54,0006      ,华鑫期货  ,930,59,
合计:zn1911                        ,,,99261,-55233,,,42535,-508,,,45890,-1200,
RANK1合约代码:zn1912                        ,,,,,,,,,,
1,0253      ,华泰期货  ,22795,-7524,0148      ,中信期货  ,10859,333,0009      ,五矿经易  ,12751,427,
2,0163      ,东证期货  ,11750,-2051,0308      ,国信期货  ,6205,372,0103      ,永安期货  ,12248,-1873,
3,0148      ,中信期货  ,8681,-1880,0159      ,倍特期货  ,5412,15,0148      ,中信期货  ,4062,600,
4,0081      ,海通期货  ,7043,-98,0009      ,五矿经易  ,4365,30,0134      ,大越期货  ,3952,-1,
5,0311      ,兴证期货  ,5453,1834,0049      ,金瑞期货  ,3984,298,0277      ,一德期货  ,3332,402,
6,0298      ,东方财富  ,5351,-601,0272      ,银河期货  ,3815,119,0272      ,银河期货  ,3124,58,
7,0103      ,永安期货  ,5102,1193,0047      ,迈科期货  ,3365,33,0082      ,国投安信  ,3028,28,
8,0385      ,国富期货  ,4460,670,0088      ,东亚期货  ,2961,39,0240      ,广发期货  ,2829,333,
9,0272      ,银河期货  ,4279,1604,0103      ,永安期货  ,2520,1341,0253      ,华泰期货  ,2764,-216,
10,0009      ,五矿经易  ,4077,-5394,0163      ,东证期货  ,2497,-229,0029      ,国海良时  ,2606,1664,
11,0320      ,大有期货  ,3072,-421,0003      ,建信期货  ,2486,154,0163      ,东证期货  ,2391,341,
12,0034      ,方正中期  ,2901,-1717,0081      ,海通期货  ,2463,78,0298      ,东方财富  ,2279,-11,
13,0029      ,国海良时  ,2772,300,0240      ,广发期货  ,2375,-244,0047      ,迈科期货  ,2138,440,
14,0004      ,国泰君安  ,2687,442,0034      ,方正中期  ,2065,151,0004      ,国泰君安  ,2129,734,
15,0308      ,国信期货  ,2547,-2720,0141      ,西南期货  ,1970,194,0108      ,金汇期货  ,1778,6,
16,0049      ,金瑞期货  ,2097,-1204,0082      ,国投安信  ,1738,-33,0121      ,格林大华  ,1711,51,
17,0082      ,国投安信  ,2091,-2355,0059      ,瑞达期货  ,1554,-10,0169      ,兴业期货  ,1704,5,
18,0069      ,申万期货  ,2046,471,0069      ,申万期货  ,1271,603,0034      ,方正中期  ,1690,162,
19,0299      ,华安期货  ,1934,362,0007      ,东海期货  ,1208,571,0159      ,倍特期货  ,1592,56,
20,0275      ,鲁证期货  ,1923,-517,0275      ,鲁证期货  ,1164,480,0308      ,国信期货  ,1579,-137,
合计:zn1912                        ,,,103061,-19606,,,64277,4295,,,69687,3069,
RANK1合约代码:zn2001                        ,,,,,,,,,,
1,0253      ,华泰期货  ,5259,-1181,0088      ,东亚期货  ,3700,0,0009      ,五矿经易  ,2340,298,
2,0163      ,东证期货  ,4061,2043,0148      ,中信期货  ,3344,35,0253      ,华泰期货  ,1912,37,
3,0298      ,东方财富  ,2510,263,0047      ,迈科期货  ,2332,-1,0298      ,东方财富  ,1912,-624,
4,0148      ,中信期货  ,2432,455,0003      ,建信期货  ,2193,40,0011      ,东方期货  ,1620,0,
5,0009      ,五矿经易  ,1963,125,0095      ,国金期货  ,2092,-5,0134      ,大越期货  ,1566,5,
6,0272      ,银河期货  ,1613,994,0009      ,五矿经易  ,1484,251,0177      ,大地期货  ,1502,0,
7,0103      ,永安期货  ,1064,543,0163      ,东证期货  ,1348,370,0103      ,永安期货  ,1398,973,
8,0385      ,国富期货  ,888,47,0298      ,东方财富  ,1092,862,0121      ,格林大华  ,1148,1,
9,0320      ,大有期货  ,826,258,0049      ,金瑞期货  ,988,148,0081      ,海通期货  ,989,-1,
10,0034      ,方正中期  ,730,-531,0308      ,国信期货  ,728,-93,0169      ,兴业期货  ,958,-22,
11,0007      ,东海期货  ,582,504,0272      ,银河期货  ,622,151,0321      ,天风期货  ,948,0,
12,0299      ,华安期货  ,526,335,0253      ,华泰期货  ,544,194,0240      ,广发期货  ,929,-109,
13,0319      ,西部期货  ,525,-187,0372      ,中银国际  ,542,40,0047      ,迈科期货  ,850,4,
14,0328      ,天富期货  ,525,-516,0288      ,平安期货  ,517,-43,0272      ,银河期货  ,821,162,
15,0082      ,国投安信  ,472,190,0103      ,永安期货  ,342,-9,0082      ,国投安信  ,752,-34,
16,0008      ,上海中期  ,417,24,0002      ,中钢期货  ,306,38,0385      ,国富期货  ,609,-17,
17,0069      ,申万期货  ,389,179,0034      ,方正中期  ,291,6,0123      ,浙商期货  ,568,0,
18,0308      ,国信期货  ,375,-746,0275      ,鲁证期货  ,249,-76,0007      ,东海期货  ,565,545,
19,0081      ,海通期货  ,320,-4,0121      ,格林大华  ,212,-1,0069      ,申万期货  ,520,179,
20,0006      ,华鑫期货  ,318,221,0268      ,中信建投  ,209,11,0096      ,南华期货  ,516,2,
合计:zn2001                        ,,,25795,3016,,,23135,1918,,,22423,1399,
商品名称:铅                  ,合约代码:pball                         ,,,,,,,,,
,期货公司  ,期货公司  ,61684,-5934,期货公司  ,期货公司  ,49865,3792,期货公司  ,期货公司  ,49865,3792,
商品名称:铅                  ,合约代码:pball                         ,,,,,,,,,
,非期货公司,非期货公司,0,0,非期货公司,非期货公司,0,0,非期货公司,非期货公司,0,0,
RANK1合约代码:pb1910                        ,,,,,,,,,,
1,0148      ,中信期货  ,150,45,0034      ,方正中期  ,760,40,0148      ,中信期货  ,595,-20,
2,0034      ,方正中期  ,40,-430,0081      ,海通期货  ,525,0,0277      ,一德期货  ,580,10,
3,0139      ,中粮期货  ,20,5,0096      ,南华期货  ,400,0,0139      ,中粮期货  ,165,20,
4,0073      ,东华期货  ,15,15,0008      ,上海中期  ,145,0,0004      ,国泰君安  ,130,0,
5,0082      ,国投安信  ,15,0,0148      ,中信期货  ,20,10,0049      ,金瑞期货  ,105,5,
6,0253      ,华泰期货  ,10,0,0082      ,国投安信  ,10,-15,0025      ,铜冠金源  ,100,0,
7,0277      ,一德期货  ,10,5,0299      ,华安期货  ,10,0,0009      ,五矿经易  ,50,0,
8,0003      ,建信期货  ,5,5,,,,,0253      ,华泰期货  ,50,0,
9,0049      ,金瑞期货  ,5,5,,,,,0163      ,东证期货  ,40,0,
10,,,,,,,,,0125      ,中大期货  ,25,0,
11,,,,,,,,,0240      ,广发期货  ,10,0,
12,,,,,,,,,0275      ,鲁证期货  ,10,0,
13,,,,,,,,,0018      ,国联期货  ,5,0,
14,,,,,,,,,0073      ,东华期货  ,5,0,
合计:pb1910                        ,,,270,-350,,,1870,35,,,1870,15,
RANK1合约代码:pb1911                        ,,,,,,,,,,
1,0081      ,海通期货  ,6180,-936,0081      ,海通期货  ,4398,106,0009      ,五矿经易  ,2958,69,
2,0148      ,中信期货  ,2364,-380,0034      ,方正中期  ,2279,100,0103      ,永安期货  ,2469,85,
3,0009      ,五矿经易  ,2231,291,0148      ,中信期货  ,2090,-365,0148      ,中信期货  ,2236,111,
4,0311      ,兴证期货  ,1802,-893,0096      ,南华期货  ,2028,254,0163      ,东证期货  ,1386,-71,
5,0163      ,东证期货  ,1562,-363,0253      ,华泰期货  ,1708,-74,0253      ,华泰期货  ,1373,142,
6,0253      ,华泰期货  ,1346,-957,0116      ,首创期货  ,1604,929,0139      ,中粮期货  ,1135,-31,
7,0372      ,中银国际  ,1287,1142,0372      ,中银国际  ,1468,1266,0274      ,中辉期货  ,967,43,
8,0116      ,首创期货  ,1134,754,0009      ,五矿经易  ,1170,-246,0025      ,铜冠金源  ,931,-1,
9,0034      ,方正中期  ,1056,-926,0059      ,瑞达期货  ,843,-2,0049      ,金瑞期货  ,730,13,
10,0141      ,西南期货  ,822,-269,0331      ,广金期货  ,616,-7,0034      ,方正中期  ,635,36,
11,0004      ,国泰君安  ,727,-36,0272      ,银河期货  ,603,-7,0096      ,南华期货  ,620,-114,
12,0319      ,西部期货  ,601,-9,0240      ,广发期货  ,496,-17,0316      ,东兴期货  ,581,-46,
13,0259      ,华闻期货  ,589,32,0082      ,国投安信  ,392,-34,0277      ,一德期货  ,535,156,
14,0082      ,国投安信  ,570,-112,0069      ,申万期货  ,363,-53,0315      ,云晨期货  ,526,-100,
15,0096      ,南华期货  ,532,-302,0042      ,光大期货  ,356,14,0311      ,兴证期货  ,503,38,
16,0272      ,银河期货  ,520,-61,0311      ,兴证期货  ,353,-46,0004      ,国泰君安  ,466,-164,
17,0103      ,永安期货  ,514,106,0327      ,中原期货  ,353,0,0240      ,广发期货  ,444,71,
18,0178      ,弘业期货  ,499,60,0163      ,东证期货  ,309,-13,0006      ,华鑫期货  ,401,23,
19,0277      ,一德期货  ,489,-64,0323      ,东吴期货  ,305,249,0272      ,银河期货  ,353,71,
20,0295      ,美尔雅    ,479,-343,0139      ,中粮期货  ,292,52,0295      ,美尔雅    ,332,65,
合计:pb1911                        ,,,25304,-3266,,,22026,2106,,,19581,396,
RANK1合约代码:pb1912                        ,,,,,,,,,,
1,0009      ,五矿经易  ,1754,-259,0148      ,中信期货  ,2274,39,0009      ,五矿经易  ,2540,-83,
2,0081      ,海通期货  ,1456,212,0009      ,五矿经易  ,1762,363,0253      ,华泰期货  ,2217,454,
3,0163      ,东证期货  ,1305,152,0240      ,广发期货  ,1425,200,0049      ,金瑞期货  ,1034,-4,
4,0034      ,方正中期  ,1203,-235,0184      ,摩根大通  ,927,236,0003      ,建信期货  ,741,16,
5,0148      ,中信期货  ,885,-270,0003      ,建信期货  ,807,-37,0148      ,中信期货  ,660,124,
6,0004      ,国泰君安  ,696,90,0272      ,银河期货  ,771,44,0103      ,永安期货  ,641,20,
7,0253      ,华泰期货  ,679,-17,0163      ,东证期货  ,767,-258,0331      ,广金期货  ,610,335,
8,0308      ,国信期货  ,655,166,0253      ,华泰期货  ,738,39,0116      ,首创期货  ,559,42,
9,0331      ,广金期货  ,651,-24,0082      ,国投安信  ,674,2,0139      ,中粮期货  ,554,132,
10,0116      ,首创期货  ,562,-101,0096      ,南华期货  ,519,-55,0034      ,方正中期  ,507,-34,
11,0295      ,美尔雅    ,561,71,0081      ,海通期货  ,493,-110,0025      ,铜冠金源  ,460,30,
12,0259      ,华闻期货  ,560,-104,0103      ,永安期货  ,461,202,0077      ,新湖期货  ,435,5,
13,0299      ,华安期货  ,502,-135,0059      ,瑞达期货  ,449,3,0240      ,广发期货  ,367,1,
14,0082      ,国投安信  ,425,-77,0004      ,国泰君安  ,426,53,0096      ,南华期货  ,354,-15,
15,0319      ,西部期货  ,393,37,0006      ,华鑫期货  ,375,0,0274      ,中辉期货  ,336,0,
16,0096      ,南华期货  ,366,-38,0077      ,新湖期货  ,320,302,0272      ,银河期货  ,319,-6,
17,0238      ,安粮期货  ,335,147,0069      ,申万期货  ,314,-2,0069      ,申万期货  ,282,-23,
18,0077      ,新湖期货  ,333,21,0259      ,华闻期货  ,295,34,0295      ,美尔雅    ,257,-29,
19,0003      ,建信期货  ,285,-62,0067      ,中财期货  ,286,0,0308      ,国信期货  ,234,100,
20,0103      ,永安期货  ,278,203,0047      ,迈科期货  ,258,2,0163      ,东证期货  ,232,-81,
合计:pb1912                        ,,,13884,-223,,,14341,1057,,,13339,984,
商品名称:镍                  ,合约代码:niall                         ,,,,,,,,,
,期货公司  ,期货公司  ,2353669,324341,期货公司  ,期货公司  ,438887,6007,期货公司  ,期货公司  ,427837,6488,
商品名称:镍                  ,合约代码:niall                         ,,,,,,,,,
,非期货公司,非期货公司,483,51,非期货公司,非期货公司,600,0,非期货公司,非期货公司,11650,-481,
RANK1合约代码:ni1910                        ,,,,,,,,,,
1,0121      ,格林大华  ,528,342,0169      ,兴业期货  ,3096,0,0081      ,海通期货  ,1338,-24,
2,0103      ,永安期货  ,240,30,0081      ,海通期货  ,2856,0,0277      ,一德期货  ,1260,-36,
3,0003      ,建信期货  ,162,-174,0316      ,东兴期货  ,1200,0,0004      ,国泰君安  ,1200,0,
4,0148      ,中信期货  ,114,-6,0096      ,南华期货  ,600,0,0372      ,中银国际  ,966,0,
5,0277      ,一德期货  ,96,-24,0136      ,信达期货  ,600,0,0240      ,广发期货  ,828,66,
6,0240      ,广发期货  ,66,-312,0148      ,中信期货  ,600,0,0275      ,鲁证期货  ,696,0,
7,0137      ,宏源期货  ,42,-132,0372      ,中银国际  ,540,0,0271      ,渤海期货  ,600,0,
8,0081      ,海通期货  ,36,-78,0003      ,建信期货  ,300,0,0121      ,格林大华  ,552,-312,
9,0009      ,五矿经易  ,24,-240,0103      ,永安期货  ,222,0,0103      ,永安期货  ,426,0,
10,0136      ,信达期货  ,12,12,0268      ,中信建投  ,6,0,0148      ,中信期货  ,384,114,
11,0002      ,中钢期货  ,6,6,,,,,0003      ,建信期货  ,360,162,
12,0116      ,首创期货  ,6,6,,,,,0009      ,五矿经易  ,240,-6,
13,0139      ,中粮期货  ,6,-42,,,,,0272      ,银河期货  ,228,0,
14,0323      ,东吴期货  ,6,6,,,,,0116      ,首创期货  ,222,6,
15,,,,,,,,,0082      ,国投安信  ,162,0,
16,,,,,,,,,0058      ,国贸期货  ,120,0,
17,,,,,,,,,0136      ,信达期货  ,102,12,
18,,,,,,,,,0253      ,华泰期货  ,60,0,
19,,,,,,,,,0186      ,徽商期货  ,48,0,
20,,,,,,,,,0002      ,中钢期货  ,42,6,
合计:ni1910                        ,,,1344,-606,,,10020,0,,,9834,-12,
RANK1合约代码:ni1911                        ,,,,,,,,,,
1,0253      ,华泰期货  ,56339,-81946,0103      ,永安期货  ,3681,-1120,0103      ,永安期货  ,7270,-69,
2,0148      ,中信期货  ,34341,-25971,0157      ,中国国际  ,3652,-2,0004      ,国泰君安  ,5028,225,
3,0319      ,西部期货  ,27171,7162,0042      ,光大期货  ,3628,-150,0009      ,五矿经易  ,4533,34,
4,0081      ,海通期货  ,23523,-5271,0272      ,银河期货  ,3565,-79,0148      ,中信期货  ,4016,-335,
5,0009      ,五矿经易  ,22994,11016,0081      ,海通期货  ,3122,-1623,0034      ,方正中期  ,2764,-263,
6,0163      ,东证期货  ,20759,-14560,0059      ,瑞达期货  ,2896,-52,0069      ,申万期货  ,2570,-75,
7,0004      ,国泰君安  ,12974,-2491,0004      ,国泰君安  ,2707,-249,0139      ,中粮期货  ,2118,-271,
8,0042      ,光大期货  ,11559,-6120,0148      ,中信期货  ,2702,-468,0163      ,东证期货  ,2097,-312,
9,0186      ,徽商期货  ,11134,-17319,0034      ,方正中期  ,2647,-217,0121      ,格林大华  ,1966,11,
10,0272      ,银河期货  ,10202,-10824,0069      ,申万期货  ,2628,644,0272      ,银河期货  ,1940,-1045,
11,0082      ,国投安信  ,9938,-571,0136      ,信达期货  ,2517,627,0259      ,华闻期货  ,1885,91,
12,0311      ,兴证期货  ,9897,-39452,0316      ,东兴期货  ,2412,-753,0081      ,海通期货  ,1746,-52,
13,0308      ,国信期货  ,9521,-1224,0003      ,建信期货  ,2306,-446,0136      ,信达期货  ,1545,-800,
14,0299      ,华安期货  ,9113,-6201,0385      ,国富期货  ,2081,-18,0320      ,大有期货  ,1392,84,
15,0034      ,方正中期  ,8584,-31183,0277      ,一德期货  ,2033,-781,0311      ,兴证期货  ,1190,10,
16,0096      ,南华期货  ,6879,-97,0169      ,兴业期货  ,1964,430,0308      ,国信期货  ,1151,-255,
17,0069      ,申万期货  ,6631,-9563,0009      ,五矿经易  ,1949,-1140,0240      ,广发期货  ,1143,67,
18,0298      ,东方财富  ,5746,-4543,0163      ,东证期货  ,1906,-53,0169      ,兴业期货  ,1121,247,
19,0103      ,永安期货  ,5621,-2628,0047      ,迈科期货  ,1795,-15,0096      ,南华期货  ,1051,-179,
20,0259      ,华闻期货  ,5613,-4748,0372      ,中银国际  ,1781,5,0253      ,华泰期货  ,817,-454,
合计:ni1911                        ,,,308539,-246534,,,51972,-5460,,,47343,-3341,
RANK1合约代码:ni1912                        ,,,,,,,,,,
1,0253      ,华泰期货  ,165664,35885,0148      ,中信期货  ,20846,7311,0004      ,国泰君安  ,10432,1903,
2,0148      ,中信期货  ,125423,59646,0136      ,信达期货  ,14202,2915,0148      ,中信期货  ,9792,-2456,
3,0319      ,西部期货  ,63101,23328,0169      ,兴业期货  ,9412,100,0009      ,五矿经易  ,8787,691,
4,0163      ,东证期货  ,54775,19571,0123      ,浙商期货  ,8962,584,0103      ,永安期货  ,8055,437,
5,0186      ,徽商期货  ,51235,27666,0096      ,南华期货  ,8953,318,0089      ,金元期货  ,6513,148,
6,0311      ,兴证期货  ,47559,7811,0004      ,国泰君安  ,8392,280,0253      ,华泰期货  ,6033,1899,
7,0308      ,国信期货  ,46569,25432,0059      ,瑞达期货  ,7672,51,0139      ,中粮期货  ,5937,1085,
8,0034      ,方正中期  ,45556,28158,0139      ,中粮期货  ,7510,-938,0123      ,浙商期货  ,5897,174,
9,0272      ,银河期货  ,45011,31516,0009      ,五矿经易  ,7459,2410,0272      ,银河期货  ,5429,-481,
10,0081      ,海通期货  ,44044,19248,0042      ,光大期货  ,5957,-174,0163      ,东证期货  ,5390,384,
11,0299      ,华安期货  ,38261,18179,0163      ,东证期货  ,5826,595,0096      ,南华期货  ,5308,929,
12,0082      ,国投安信  ,37397,14788,0081      ,海通期货  ,4885,-282,0034      ,方正中期  ,5027,473,
13,0004      ,国泰君安  ,34083,14506,0157      ,中国国际  ,4423,2134,0082      ,国投安信  ,4560,838,
14,0042      ,光大期货  ,33014,20850,0253      ,华泰期货  ,3971,487,0042      ,光大期货  ,4481,-6,
15,0009      ,五矿经易  ,29449,-4351,0003      ,建信期货  ,3384,-1559,0081      ,海通期货  ,4003,1484,
16,0259      ,华闻期货  ,27457,23396,0082      ,国投安信  ,3212,173,0048      ,长江期货  ,3786,88,
17,0385      ,国富期货  ,21037,11004,0272      ,银河期货  ,3116,210,0169      ,兴业期货  ,3609,-379,
18,0069      ,申万期货  ,20506,5054,0121      ,格林大华  ,2808,105,0052      ,山金期货  ,3493,369,
19,0298      ,东方财富  ,19750,8750,0103      ,永安期货  ,2495,-2578,0240      ,广发期货  ,3346,470,
20,0240      ,广发期货  ,19699,9160,0069      ,申万期货  ,2435,316,0311      ,兴证期货  ,2537,1480,
合计:ni1912                        ,,,969590,399597,,,135920,12458,,,112415,9530,
RANK1合约代码:ni2001                        ,,,,,,,,,,
1,0148      ,中信期货  ,22007,9259,0148      ,中信期货  ,19302,704,0059      ,瑞达期货  ,11276,-44,
2,0253      ,华泰期货  ,19603,4283,0096      ,南华期货  ,10379,4,0103      ,永安期货  ,10882,343,
3,0009      ,五矿经易  ,18764,6824,0042      ,光大期货  ,9050,-55,0123      ,浙商期货  ,6481,252,
4,0163      ,东证期货  ,11447,2546,0139      ,中粮期货  ,8334,2804,0096      ,南华期货  ,4439,-115,
5,0319      ,西部期货  ,9249,4561,0184      ,摩根大通  ,5012,-52,0277      ,一德期货  ,4399,95,
6,0081      ,海通期货  ,7909,2640,0116      ,首创期货  ,4679,-492,0081      ,海通期货  ,4396,-3,
7,0136      ,信达期货  ,7054,2268,0003      ,建信期货  ,4621,-1631,0148      ,中信期货  ,4301,-461,
8,0275      ,鲁证期货  ,6395,2490,0157      ,中国国际  ,4155,10,0009      ,五矿经易  ,3771,85,
9,0034      ,方正中期  ,6394,1647,0169      ,兴业期货  ,4135,3,0134      ,大越期货  ,3596,-779,
10,0082      ,国投安信  ,6269,579,0272      ,银河期货  ,3389,90,0042      ,光大期货  ,3526,-258,
11,0272      ,银河期货  ,6131,2577,0240      ,广发期货  ,3169,-126,0003      ,建信期货  ,3322,4,
12,0042      ,光大期货  ,5859,1074,0049      ,金瑞期货  ,2556,141,0272      ,银河期货  ,3123,429,
13,0308      ,国信期货  ,5653,321,0088      ,东亚期货  ,2193,-23,0240      ,广发期货  ,2997,194,
14,0004      ,国泰君安  ,4546,268,0121      ,格林大华  ,2188,-228,0019      ,宝城期货  ,2984,187,
15,0116      ,首创期货  ,4095,2052,0047      ,迈科期货  ,2140,-15,0163      ,东证期货  ,2662,63,
16,0103      ,永安期货  ,3999,404,0259      ,华闻期货  ,2098,-10,0082      ,国投安信  ,2590,688,
17,0385      ,国富期货  ,3862,2204,0009      ,五矿经易  ,1662,-103,0177      ,大地期货  ,2168,-168,
18,0139      ,中粮期货  ,3518,1610,0081      ,海通期货  ,1611,-354,0004      ,国泰君安  ,1726,-31,
19,0069      ,申万期货  ,3182,31,0275      ,鲁证期货  ,1447,-40,0034      ,方正中期  ,1721,-502,
20,0274      ,中辉期货  ,2992,1866,0316      ,东兴期货  ,1413,-12,0137      ,宏源期货  ,1692,763,
合计:ni2001                        ,,,158928,49504,,,93533,615,,,82052,742,
RANK1合约代码:ni2002                        ,,,,,,,,,,
1,0253      ,华泰期货  ,11679,1757,0081      ,海通期货  ,2968,-37,0134      ,大越期货  ,4583,510,
2,0148      ,中信期货  ,8420,3024,0009      ,五矿经易  ,2739,-79,0177      ,大地期货  ,3243,131,
3,0009      ,五矿经易  ,8248,-1769,0077      ,新湖期货  ,2507,728,0082      ,国投安信  ,3040,7,
4,0059      ,瑞达期货  ,5760,-42,0003      ,建信期货  ,2127,-49,0123      ,浙商期货  ,2953,602,
5,0163      ,东证期货  ,4623,-176,0047      ,迈科期货  ,2020,-7,0003      ,建信期货  ,2537,2,
6,0004      ,国泰君安  ,4485,1395,0240      ,广发期货  ,1942,119,0059      ,瑞达期货  ,2517,265,
7,0319      ,西部期货  ,2963,687,0069      ,申万期货  ,1941,-26,0253      ,华泰期货  ,2241,-3,
8,0082      ,国投安信  ,2821,-397,0148      ,中信期货  ,1764,0,0103      ,永安期货  ,2015,74,
9,0042      ,光大期货  ,2267,-90,0169      ,兴业期货  ,1758,-1,0081      ,海通期货  ,1623,-4,
10,0272      ,银河期货  ,2125,47,0103      ,永安期货  ,1333,636,0277      ,一德期货  ,1402,1,
11,0034      ,方正中期  ,1652,5,0157      ,中国国际  ,1277,0,0372      ,中银国际  ,1106,0,
12,0081      ,海通期货  ,1629,-1452,0088      ,东亚期货  ,1204,0,0385      ,国富期货  ,967,14,
13,0123      ,浙商期货  ,1320,-680,0002      ,中钢期货  ,1202,0,0034      ,方正中期  ,869,-1,
14,0308      ,国信期货  ,1035,138,0268      ,中信建投  ,985,53,0148      ,中信期货  ,855,-152,
15,0275      ,鲁证期货  ,970,-730,0323      ,东吴期货  ,927,-105,0157      ,中国国际  ,483,-1,
16,0103      ,永安期货  ,864,129,0082      ,国投安信  ,719,8,0316      ,东兴期货  ,312,-10,
17,0096      ,南华期货  ,836,-27,0004      ,国泰君安  ,518,-15,0051      ,华金期货  ,200,0,
18,0077      ,新湖期货  ,785,-919,0311      ,兴证期货  ,369,-40,0077      ,新湖期货  ,178,-1,
19,0139      ,中粮期货  ,695,-279,0163      ,东证期货  ,355,-62,0163      ,东证期货  ,162,79,
20,0001      ,招金期货  ,658,114,0019      ,宝城期货  ,293,21,0116      ,首创期货  ,154,-340,
合计:ni2002                        ,,,63835,735,,,28948,1144,,,31440,1173,
商品名称:锡                  ,合约代码:snall                         ,,,,,,,,,
,期货公司  ,期货公司  ,27654,-9760,期货公司  ,期货公司  ,20930,-46,期货公司  ,期货公司  ,20930,-46,
商品名称:锡                  ,合约代码:snall                         ,,,,,,,,,
,非期货公司,非期货公司,0,0,非期货公司,非期货公司,0,0,非期货公司,非期货公司,0,0,
RANK1合约代码:sn1910                        ,,,,,,,,,,
1,,,,,0316      ,东兴期货  ,4,0,0323      ,东吴期货  ,6,0,
2,,,,,0323      ,东吴期货  ,2,0,,,,,
合计:sn1910                        ,,,,,,,6,0,,,6,0,
RANK1合约代码:sn2001                        ,,,,,,,,,,
1,0081      ,海通期货  ,3722,-997,0049      ,金瑞期货  ,3091,87,0148      ,中信期货  ,2875,-140,
2,0034      ,方正中期  ,2527,-535,0034      ,方正中期  ,1966,24,0121      ,格林大华  ,2778,7,
3,0148      ,中信期货  ,1897,-659,0148      ,中信期货  ,1404,157,0009      ,五矿经易  ,1827,10,
4,0253      ,华泰期货  ,1379,-385,0004      ,国泰君安  ,1110,112,0116      ,首创期货  ,1789,3,
5,0163      ,东证期货  ,981,-235,0242      ,国都期货  ,985,3,0003      ,建信期货  ,1127,2,
6,0004      ,国泰君安  ,788,75,0315      ,云晨期货  ,972,33,0272      ,银河期货  ,853,-4,
7,0042      ,光大期货  ,788,-203,0262      ,英大期货  ,956,10,0049      ,金瑞期货  ,683,-34,
8,0319      ,西部期货  ,778,-137,0082      ,国投安信  ,947,70,0253      ,华泰期货  ,638,21,
9,0295      ,美尔雅    ,723,-474,0163      ,东证期货  ,932,-10,0277      ,一德期货  ,614,28,
10,0186      ,徽商期货  ,623,-151,0169      ,兴业期货  ,627,0,0184      ,摩根大通  ,537,28,
11,0323      ,东吴期货  ,596,-75,0009      ,五矿经易  ,625,13,0163      ,东证期货  ,515,19,
12,0272      ,银河期货  ,543,-445,0096      ,南华期货  ,446,51,0077      ,新湖期货  ,381,2,
13,0268      ,中信建投  ,527,-5,0007      ,东海期货  ,341,-22,0311      ,兴证期货  ,357,2,
14,0274      ,中辉期货  ,497,-77,0311      ,兴证期货  ,336,28,0240      ,广发期货  ,347,-10,
15,0299      ,华安期货  ,455,-14,0103      ,永安期货  ,263,-19,0096      ,南华期货  ,315,14,
16,0308      ,国信期货  ,447,-16,0320      ,大有期货  ,232,-11,0004      ,国泰君安  ,267,14,
17,0082      ,国投安信  ,430,-197,0253      ,华泰期货  ,229,-34,0343      ,中金期货  ,266,-5,
18,0315      ,云晨期货  ,352,146,0077      ,新湖期货  ,206,4,0139      ,中粮期货  ,238,-2,
19,0059      ,瑞达期货  ,337,-185,0137      ,宏源期货  ,193,1,0320      ,大有期货  ,233,-7,
20,0096      ,南华期货  ,289,-406,0338      ,广州期货  ,178,-11,0103      ,永安期货  ,218,42,
合计:sn2001                        ,,,18679,-4975,,,16039,486,,,16858,-10,
商品名称:黄金                ,合约代码:auall                         ,,,,,,,,,
,期货公司  ,期货公司  ,307442,-349764,期货公司  ,期货公司  ,166105,650,期货公司  ,期货公司  ,85171,2588,
商品名称:黄金                ,合约代码:auall                         ,,,,,,,,,
,非期货公司,非期货公司,12982,-7394,非期货公司,非期货公司,164357,2343,非期货公司,非期货公司,245291,405,
RANK1合约代码:au1910                        ,,,,,,,,,,
1,,,,,0103      ,永安期货  ,12,0,0253      ,华泰期货  ,21,0,
2,,,,,0163      ,东证期货  ,12,0,0001      ,招金期货  ,6,0,
3,,,,,0008      ,上海中期  ,3,0,,,,,
合计:au1910                        ,,,,,,,27,0,,,27,0,
RANK1合约代码:au1912                        ,,,,,,,,,,
1,0081      ,海通期货  ,56751,-65117,0004      ,国泰君安  ,10068,-48,0001      ,招金期货  ,5447,-361,
2,0148      ,中信期货  ,23770,-30157,0103      ,永安期货  ,6994,671,0004      ,国泰君安  ,2926,39,
3,0163      ,东证期货  ,19475,-17186,0081      ,海通期货  ,5958,-781,0081      ,海通期货  ,2654,220,
4,0308      ,国信期货  ,18895,-34417,0148      ,中信期货  ,5826,4,0025      ,铜冠金源  ,2218,-75,
5,0082      ,国投安信  ,16477,-12661,0169      ,兴业期货  ,4739,-297,0016      ,上海大陆  ,2093,0,
6,0004      ,国泰君安  ,8493,-8847,0288      ,平安期货  ,4321,151,0076      ,道通期货  ,2002,499,
7,0298      ,东方财富  ,7000,-7001,0299      ,华安期货  ,4147,82,0082      ,国投安信  ,1566,-73,
8,0161      ,招商期货  ,6187,-1568,0042      ,光大期货  ,3631,-64,0148      ,中信期货  ,1446,-314,
9,0253      ,华泰期货  ,5277,-5517,0082      ,国投安信  ,3388,438,0163      ,东证期货  ,1343,-251,
10,0319      ,西部期货  ,5134,-13954,0163      ,东证期货  ,3317,296,0052      ,山金期货  ,1240,-10,
11,0385      ,国富期货  ,4848,-6340,0253      ,华泰期货  ,3165,41,0240      ,广发期货  ,1209,115,
12,0288      ,平安期货  ,4305,-2634,0156      ,中衍期货  ,3108,-1,0272      ,银河期货  ,1208,29,
13,0299      ,华安期货  ,3881,-9017,0308      ,国信期货  ,2875,317,0288      ,平安期货  ,1204,-220,
14,0069      ,申万期货  ,3862,-1997,0069      ,申万期货  ,2632,395,0186      ,徽商期货  ,1142,99,
15,0034      ,方正中期  ,3853,-2500,0275      ,鲁证期货  ,2529,-57,0311      ,兴证期货  ,1094,-34,
16,0311      ,兴证期货  ,3757,-3526,0161      ,招商期货  ,2353,156,0315      ,云晨期货  ,993,5,
17,0240      ,广发期货  ,3070,-1756,0058      ,国贸期货  ,2311,29,0274      ,中辉期货  ,971,-7,
18,0186      ,徽商期货  ,3065,-4832,0268      ,中信建投  ,2304,110,0008      ,上海中期  ,967,61,
19,0096      ,南华期货  ,2918,-6482,0034      ,方正中期  ,2256,-22,0103      ,永安期货  ,934,257,
20,0103      ,永安期货  ,2638,-5094,0272      ,银河期货  ,2150,0,0034      ,方正中期  ,932,-9,
合计:au1912                        ,,,203656,-240603,,,78072,1420,,,33589,-30,
RANK1合约代码:au2002                        ,,,,,,,,,,
1,0081      ,海通期货  ,4591,-2221,0069      ,申万期货  ,1727,0,0163      ,东证期货  ,2522,67,
2,0148      ,中信期货  ,2182,-29,0034      ,方正中期  ,1371,-30,0069      ,申万期货  ,1819,-3,
3,0163      ,东证期货  ,1779,-1464,0163      ,东证期货  ,1228,30,0034      ,方正中期  ,1338,29,
4,0319      ,西部期货  ,1399,-794,0272      ,银河期货  ,924,1,0272      ,银河期货  ,912,5,
5,0308      ,国信期货  ,1084,-1472,0004      ,国泰君安  ,702,8,0001      ,招金期货  ,679,3,
6,0272      ,银河期货  ,984,530,0148      ,中信期货  ,587,-11,0004      ,国泰君安  ,583,6,
7,0004      ,国泰君安  ,698,-496,0058      ,国贸期货  ,513,-7,0148      ,中信期货  ,530,-1,
8,0069      ,申万期货  ,571,-178,0107      ,新世纪    ,502,0,0045      ,华龙期货  ,329,140,
9,0034      ,方正中期  ,457,-10,0161      ,招商期货  ,388,11,0047      ,迈科期货  ,242,9,
10,0328      ,天富期货  ,455,-273,0315      ,云晨期货  ,352,-98,0121      ,格林大华  ,191,7,
11,0323      ,东吴期货  ,422,187,0320      ,大有期货  ,332,0,0268      ,中信建投  ,142,-27,
12,0082      ,国投安信  ,381,-88,0274      ,中辉期货  ,247,1,0059      ,瑞达期货  ,87,10,
13,0268      ,中信建投  ,366,-275,0047      ,迈科期货  ,237,-2,0009      ,五矿经易  ,82,0,
14,0001      ,招金期货  ,292,-71,0042      ,光大期货  ,212,1,0253      ,华泰期货  ,60,1,
15,0298      ,东方财富  ,246,29,0001      ,招金期货  ,195,3,0068      ,财达期货  ,59,0,
16,0047      ,迈科期货  ,227,-90,0121      ,格林大华  ,195,5,0277      ,一德期货  ,55,-10,
17,0274      ,中辉期货  ,219,-86,0139      ,中粮期货  ,159,14,0332      ,华信期货  ,45,10,
18,0058      ,国贸期货  ,190,-49,0298      ,东方财富  ,151,1,0058      ,国贸期货  ,42,1,
19,0121      ,格林大华  ,174,-63,0268      ,中信建投  ,150,-13,0275      ,鲁证期货  ,37,-15,
20,0095      ,国金期货  ,169,-425,0025      ,铜冠金源  ,143,0,0308      ,国信期货  ,37,-47,
合计:au2002                        ,,,16886,-7338,,,10315,-86,,,9791,185,
RANK1合约代码:au2004                        ,,,,,,,,,,
1,0163      ,东证期货  ,2107,-1316,0268      ,中信建投  ,1475,39,0268      ,中信建投  ,1324,48,
2,0319      ,西部期货  ,1055,-27,0148      ,中信期货  ,984,39,0163      ,东证期货  ,971,77,
3,0148      ,中信期货  ,898,-87,0034      ,方正中期  ,910,1,0034      ,方正中期  ,902,-1,
4,0308      ,国信期货  ,668,-163,0163      ,东证期货  ,636,2,0069      ,申万期货  ,614,-102,
5,0034      ,方正中期  ,556,-879,0069      ,申万期货  ,617,-99,0148      ,中信期货  ,563,21,
6,0082      ,国投安信  ,472,-186,0004      ,国泰君安  ,488,-2,0004      ,国泰君安  ,514,3,
7,0004      ,国泰君安  ,369,47,0042      ,光大期货  ,291,180,0319      ,西部期货  ,481,31,
8,0272      ,银河期货  ,367,-234,0253      ,华泰期货  ,184,-1,0001      ,招金期货  ,306,6,
9,0268      ,中信建投  ,307,-51,0272      ,银河期货  ,182,2,0272      ,银河期货  ,199,5,
10,0323      ,东吴期货  ,282,-90,0047      ,迈科期货  ,170,8,0047      ,迈科期货  ,170,2,
11,0069      ,申万期货  ,261,-64,0121      ,格林大华  ,151,10,0045      ,华龙期货  ,152,152,
12,0320      ,大有期货  ,239,181,0001      ,招金期货  ,131,2,0121      ,格林大华  ,142,3,
13,0001      ,招金期货  ,218,-1,0320      ,大有期货  ,96,0,0139      ,中粮期货  ,79,8,
14,0042      ,光大期货  ,194,158,0019      ,宝城期货  ,73,70,0308      ,国信期货  ,65,40,
15,0096      ,南华期货  ,194,10,0009      ,五矿经易  ,65,0,0311      ,兴证期货  ,57,-1,
16,0081      ,海通期货  ,190,55,0103      ,永安期货  ,56,38,0103      ,永安期货  ,44,36,
17,0047      ,迈科期货  ,162,-82,0082      ,国投安信  ,48,-7,0249      ,先融期货  ,34,1,
18,0019      ,宝城期货  ,156,151,0081      ,海通期货  ,39,25,0013      ,中融汇信  ,29,-1,
19,0045      ,华龙期货  ,152,152,0096      ,南华期货  ,36,-1,0095      ,国金期货  ,27,0,
20,0328      ,天富期货  ,140,12,0013      ,中融汇信  ,26,-4,0123      ,浙商期货  ,25,0,
合计:au2004                        ,,,8987,-2414,,,6658,302,,,6698,328,
RANK1合约代码:au2006                        ,,,,,,,,,,
1,0163      ,东证期货  ,679,-890,0081      ,海通期货  ,1939,9,0004      ,国泰君安  ,1382,3,
2,0328      ,天富期货  ,607,-481,0316      ,东兴期货  ,861,151,0001      ,招金期货  ,1118,0,
3,0148      ,中信期货  ,535,-291,0103      ,永安期货  ,612,113,0163      ,东证期货  ,1091,48,
4,0253      ,华泰期货  ,431,-177,0009      ,五矿经易  ,533,60,0077      ,新湖期货  ,743,10,
5,0274      ,中辉期货  ,317,-102,0253      ,华泰期货  ,517,-10,0240      ,广发期货  ,648,5,
6,0319      ,西部期货  ,290,-213,0148      ,中信期货  ,516,6,0274      ,中辉期货  ,522,25,
7,0082      ,国投安信  ,235,-97,0004      ,国泰君安  ,452,94,0338      ,广州期货  ,420,-5,
8,0004      ,国泰君安  ,183,-150,0016      ,上海大陆  ,406,101,0268      ,中信建投  ,419,1,
9,0316      ,东兴期货  ,155,-114,0240      ,广发期货  ,341,56,0068      ,财达期货  ,385,2,
10,0308      ,国信期货  ,132,59,0082      ,国投安信  ,324,43,0059      ,瑞达期货  ,367,1,
11,0034      ,方正中期  ,120,-397,0077      ,新湖期货  ,311,5,0082      ,国投安信  ,297,0,
12,0103      ,永安期货  ,115,60,0177      ,大地期货  ,271,-1,0148      ,中信期货  ,288,-9,
13,0016      ,上海大陆  ,110,104,0311      ,兴证期货  ,254,0,0253      ,华泰期货  ,271,91,
14,0186      ,徽商期货  ,103,-40,0086      ,东航期货  ,214,3,0022      ,福能期货  ,200,0,
15,0240      ,广发期货  ,101,26,0052      ,山金期货  ,201,0,0311      ,兴证期货  ,176,-2,
16,0077      ,新湖期货  ,87,-520,0137      ,宏源期货  ,180,1,0137      ,宏源期货  ,170,1,
17,0009      ,五矿经易  ,80,-172,0274      ,中辉期货  ,177,10,0095      ,国金期货  ,159,0,
18,0272      ,银河期货  ,73,-201,0034      ,方正中期  ,162,-18,0161      ,招商期货  ,159,1,
19,0385      ,国富期货  ,66,1,0323      ,东吴期货  ,153,19,0315      ,云晨期货  ,152,9,
20,0332      ,华信期货  ,57,-42,0186      ,徽商期货  ,146,0,0288      ,平安期货  ,143,-5,
合计:au2006                        ,,,4476,-3637,,,8570,642,,,9110,176,
商品名称:白银                ,合约代码:agall                         ,,,,,,,,,
,期货公司  ,期货公司  ,1511087,-910826,期货公司  ,期货公司  ,586925,6567,期货公司  ,期货公司  ,359284,7542,
商品名称:白银                ,合约代码:agall                         ,,,,,,,,,
,非期货公司,非期货公司,11543,-25088,非期货公司,非期货公司,132147,3797,非期货公司,非期货公司,359788,2822,
RANK1合约代码:ag1910                        ,,,,,,,,,,
1,0169      ,兴业期货  ,24,24,0004      ,国泰君安  ,170,2,0169      ,兴业期货  ,232,24,
2,0372      ,中银国际  ,24,20,0009      ,五矿经易  ,104,0,0009      ,五矿经易  ,108,0,
3,0004      ,国泰君安  ,2,2,0323      ,东吴期货  ,74,0,0323      ,东吴期货  ,32,0,
4,0137      ,宏源期货  ,2,-2,0308      ,国信期货  ,18,0,0018      ,国联期货  ,14,0,
5,,,,,0316      ,东兴期货  ,16,0,0137      ,宏源期货  ,12,2,
6,,,,,0288      ,平安期货  ,8,0,0042      ,光大期货  ,2,0,
7,,,,,0025      ,铜冠金源  ,4,0,0049      ,金瑞期货  ,2,0,
8,,,,,0259      ,华闻期货  ,4,0,0186      ,徽商期货  ,2,0,
9,,,,,0082      ,国投安信  ,2,0,0240      ,广发期货  ,2,0,
10,,,,,0148      ,中信期货  ,2,0,,,,,
11,,,,,0178      ,弘业期货  ,2,0,,,,,
12,,,,,0338      ,广州期货  ,2,0,,,,,
合计:ag1910                        ,,,52,44,,,406,2,,,406,26,
RANK1合约代码:ag1912                        ,,,,,,,,,,
1,0081      ,海通期货  ,242179,-208995,0103      ,永安期货  ,24177,2478,0148      ,中信期货  ,15593,-54,
2,0148      ,中信期货  ,90063,-44886,0082      ,国投安信  ,23652,1533,0077      ,新湖期货  ,13208,87,
3,0163      ,东证期货  ,64390,-35699,0253      ,华泰期货  ,13606,-430,0081      ,海通期货  ,11652,1508,
4,0298      ,东方财富  ,60570,-31318,0148      ,中信期货  ,12652,-85,0163      ,东证期货  ,11586,-309,
5,0308      ,国信期货  ,44511,-43208,0004      ,国泰君安  ,12458,345,0058      ,国贸期货  ,11555,4010,
6,0082      ,国投安信  ,33077,-27121,0163      ,东证期货  ,12413,1493,0003      ,建信期货  ,8162,-342,
7,0253      ,华泰期货  ,26045,-8154,0240      ,广发期货  ,12330,236,0272      ,银河期货  ,7324,-620,
8,0268      ,中信建投  ,25237,-10600,0081      ,海通期货  ,11369,-881,0034      ,方正中期  ,6604,457,
9,0299      ,华安期货  ,24613,-17770,0069      ,申万期货  ,10661,2251,0103      ,永安期货  ,6128,-598,
10,0186      ,徽商期货  ,24594,-22729,0156      ,中衍期货  ,10363,-141,0177      ,大地期货  ,5485,376,
11,0069      ,申万期货  ,23563,-10931,0034      ,方正中期  ,9248,318,0004      ,国泰君安  ,4725,433,
12,0103      ,永安期货  ,23450,-16628,0277      ,一德期货  ,8864,465,0311      ,兴证期货  ,4621,1550,
13,0034      ,方正中期  ,22623,-11387,0268      ,中信建投  ,8517,276,0025      ,铜冠金源  ,4544,59,
14,0004      ,国泰君安  ,19824,-13303,0272      ,银河期货  ,7942,-1477,0288      ,平安期货  ,4476,-363,
15,0272      ,银河期货  ,19543,-9996,0096      ,南华期货  ,7108,609,0069      ,申万期货  ,3976,106,
16,0240      ,广发期货  ,19264,-9611,0288      ,平安期货  ,6857,253,0009      ,五矿经易  ,3900,551,
17,0088      ,东亚期货  ,18669,-5635,0298      ,东方财富  ,6838,-386,0096      ,南华期货  ,3714,23,
18,0323      ,东吴期货  ,17548,-8747,0009      ,五矿经易  ,6793,354,0240      ,广发期货  ,3691,174,
19,0385      ,国富期货  ,16083,-19088,0059      ,瑞达期货  ,6774,-91,0315      ,云晨期货  ,3138,9,
20,0137      ,宏源期货  ,15932,-12083,0003      ,建信期货  ,6453,218,0253      ,华泰期货  ,3116,-35,
合计:ag1912                        ,,,831778,-567889,,,219075,7338,,,137198,7022,
RANK1合约代码:ag2002                        ,,,,,,,,,,
1,0081      ,海通期货  ,26742,-17024,0323      ,东吴期货  ,7519,58,0323      ,东吴期货  ,7300,19,
2,0319      ,西部期货  ,7464,-2792,0137      ,宏源期货  ,5125,-62,0148      ,中信期货  ,5018,-7,
3,0308      ,国信期货  ,7012,-2696,0014      ,锦泰期货  ,4351,-222,0137      ,宏源期货  ,4642,-102,
4,0298      ,东方财富  ,6337,-1281,0077      ,新湖期货  ,4298,11,0014      ,锦泰期货  ,4324,-265,
5,0082      ,国投安信  ,4262,-266,0096      ,南华期货  ,4292,24,0096      ,南华期货  ,4062,-1,
6,0004      ,国泰君安  ,4195,-1651,0081      ,海通期货  ,3524,61,0077      ,新湖期货  ,4027,5,
7,0253      ,华泰期货  ,4013,-1067,0048      ,长江期货  ,3219,218,0058      ,国贸期货  ,3614,39,
8,0048      ,长江期货  ,3271,777,0009      ,五矿经易  ,2933,22,0048      ,长江期货  ,2918,193,
9,0148      ,中信期货  ,3042,-1711,0177      ,大地期货  ,2632,112,0069      ,申万期货  ,2746,1,
10,0328      ,天富期货  ,2568,-911,0275      ,鲁证期货  ,2504,8,0009      ,五矿经易  ,2742,-1,
11,0272      ,银河期货  ,2489,-88,0163      ,东证期货  ,2094,65,0177      ,大地期货  ,2628,115,
12,0096      ,南华期货  ,2221,-25,0298      ,东方财富  ,1625,382,0275      ,鲁证期货  ,2400,-1,
13,0163      ,东证期货  ,2175,-1155,0103      ,永安期货  ,1313,9,0253      ,华泰期货  ,1428,-351,
14,0186      ,徽商期货  ,2167,-313,0272      ,银河期货  ,1297,48,0272      ,银河期货  ,1212,-19,
15,0268      ,中信建投  ,2059,371,0148      ,中信期货  ,906,79,0103      ,永安期货  ,1072,5,
16,0034      ,方正中期  ,2050,-860,0253      ,华泰期货  ,735,232,0240      ,广发期货  ,1062,-3,
17,0299      ,华安期货  ,1987,-12,0186      ,徽商期货  ,683,15,0003      ,建信期货  ,815,-28,
18,0001      ,招金期货  ,1950,71,0034      ,方正中期  ,668,25,0277      ,一德期货  ,774,-1,
19,0385      ,国富期货  ,1868,-1169,0004      ,国泰君安  ,660,148,0004      ,国泰君安  ,754,7,
20,0086      ,东航期货  ,1853,-475,0308      ,国信期货  ,625,63,0343      ,中金期货  ,550,0,
合计:ag2002                        ,,,89725,-32277,,,51003,1296,,,54088,-395,
RANK1合约代码:ag2004                        ,,,,,,,,,,
1,0319      ,西部期货  ,3672,-100,0323      ,东吴期货  ,8954,4,0323      ,东吴期货  ,8941,5,
2,0148      ,中信期货  ,2709,-474,0048      ,长江期货  ,3863,100,0048      ,长江期货  ,3740,13,
3,0328      ,天富期货  ,2339,-1474,0009      ,五矿经易  ,3542,0,0009      ,五矿经易  ,3542,-8,
4,0009      ,五矿经易  ,1612,936,0268      ,中信建投  ,3457,130,0268      ,中信建投  ,3460,141,
5,0253      ,华泰期货  ,1125,568,0096      ,南华期货  ,3279,346,0014      ,锦泰期货  ,3212,31,
6,0272      ,银河期货  ,1098,-309,0014      ,锦泰期货  ,3201,-12,0096      ,南华期货  ,3186,344,
7,0048      ,长江期货  ,917,-154,0137      ,宏源期货  ,2527,-103,0137      ,宏源期货  ,2511,-111,
8,0298      ,东方财富  ,900,246,0077      ,新湖期货  ,2024,-22,0077      ,新湖期货  ,2040,13,
9,0137      ,宏源期货  ,824,-166,0177      ,大地期货  ,1878,-6,0177      ,大地期货  ,1878,-6,
10,0096      ,南华期货  ,802,240,0275      ,鲁证期货  ,701,-4,0298      ,东方财富  ,900,344,
11,0077      ,新湖期货  ,713,-239,0253      ,华泰期货  ,700,595,0163      ,东证期货  ,737,49,
12,0014      ,锦泰期货  ,529,303,0163      ,东证期货  ,548,-1,0275      ,鲁证期货  ,660,1,
13,0001      ,招金期货  ,470,271,0272      ,银河期货  ,545,9,0272      ,银河期货  ,479,5,
14,0177      ,大地期货  ,464,-1100,0001      ,招金期货  ,212,0,0327      ,中原期货  ,313,0,
15,0299      ,华安期货  ,408,133,0298      ,东方财富  ,198,152,0385      ,国富期货  ,282,70,
16,0034      ,方正中期  ,392,-241,0116      ,首创期货  ,187,16,0253      ,华泰期货  ,270,92,
17,0186      ,徽商期货  ,360,207,0004      ,国泰君安  ,176,75,0148      ,中信期货  ,209,8,
18,0163      ,东证期货  ,322,-242,0049      ,金瑞期货  ,164,0,0001      ,招金期货  ,207,2,
19,0268      ,中信建投  ,317,-25,0148      ,中信期货  ,154,1,0002      ,中钢期货  ,98,0,
20,0323      ,东吴期货  ,277,-211,0081      ,海通期货  ,152,-24,0321      ,天风期货  ,90,0,
合计:ag2004                        ,,,20250,-1831,,,36462,1256,,,36755,993,
RANK1合约代码:ag2006                        ,,,,,,,,,,
1,0319      ,西部期货  ,2957,-1329,0295      ,美尔雅    ,3381,-9,0277      ,一德期货  ,6261,2,
2,0148      ,中信期货  ,2698,-1184,0148      ,中信期货  ,3312,-37,0004      ,国泰君安  ,3496,-4,
3,0328      ,天富期货  ,2681,166,0034      ,方正中期  ,2205,22,0148      ,中信期货  ,2692,-79,
4,0253      ,华泰期货  ,1183,-14,0103      ,永安期货  ,2029,285,0163      ,东证期货  ,2038,309,
5,0299      ,华安期货  ,1075,-78,0253      ,华泰期货  ,1882,313,0025      ,铜冠金源  ,1842,96,
6,0034      ,方正中期  ,926,-1176,0004      ,国泰君安  ,1764,15,0009      ,五矿经易  ,1714,234,
7,0274      ,中辉期货  ,866,-400,0299      ,华安期货  ,1702,267,0275      ,鲁证期货  ,1594,0,
8,0272      ,银河期货  ,736,-276,0157      ,中国国际  ,1078,11,0081      ,海通期货  ,1276,4,
9,0298      ,东方财富  ,716,218,0095      ,国金期货  ,980,403,0058      ,国贸期货  ,1155,21,
10,0103      ,永安期货  ,686,-483,0268      ,中信建投  ,948,-6,0059      ,瑞达期货  ,1134,-1,
11,0186      ,徽商期货  ,632,-423,0272      ,银河期货  ,837,-49,0003      ,建信期货  ,1114,173,
12,0308      ,国信期货  ,621,107,0081      ,海通期货  ,815,115,0082      ,国投安信  ,1114,57,
13,0163      ,东证期货  ,585,-23,0333      ,盛达期货  ,808,-2,0311      ,兴证期货  ,1090,0,
14,0009      ,五矿经易  ,523,-339,0186      ,徽商期货  ,802,113,0240      ,广发期货  ,964,37,
15,0095      ,国金期货  ,479,59,0042      ,光大期货  ,673,-150,0077      ,新湖期货  ,680,8,
16,0004      ,国泰君安  ,459,-322,0311      ,兴证期货  ,664,-36,0001      ,招金期货  ,649,4,
17,0048      ,长江期货  ,434,-46,0086      ,东航期货  ,653,-4,0049      ,金瑞期货  ,514,0,
18,0025      ,铜冠金源  ,378,54,0116      ,首创期货  ,639,1,0047      ,迈科期货  ,475,-2,
19,0042      ,光大期货  ,370,-176,0275      ,鲁证期货  ,593,8,0253      ,华泰期货  ,451,42,
20,0268      ,中信建投  ,370,87,0096      ,南华期货  ,558,-16,0029      ,国海良时  ,420,-2,
合计:ag2006                        ,,,19375,-5578,,,26323,1244,,,30673,899,
商品名称:螺纹钢              ,合约代码:rball                         ,,,,,,,,,
,期货公司  ,期货公司  ,3774608,-175062,期货公司  ,期货公司  ,2066895,48212,期货公司  ,期货公司  ,2072473,60708,
商品名称:螺纹钢              ,合约代码:rball                         ,,,,,,,,,
,非期货公司,非期货公司,12534,11312,非期货公司,非期货公司,19003,11001,非期货公司,非期货公司,13425,-1495,
RANK1合约代码:rb1910                        ,,,,,,,,,,
1,0163      ,东证期货  ,1230,0,0103      ,永安期货  ,3360,-150,0277      ,一德期货  ,360,0,
2,0316      ,东兴期货  ,630,480,0277      ,一德期货  ,1860,60,0103      ,永安期货  ,180,180,
3,0103      ,永安期货  ,450,-840,0007      ,东海期货  ,1050,30,0081      ,海通期货  ,120,0,
4,0137      ,宏源期货  ,360,360,0275      ,鲁证期货  ,960,0,0272      ,银河期货  ,30,0,
5,0321      ,天风期货  ,360,-210,0058      ,国贸期货  ,900,-60,,,,,
6,0277      ,一德期货  ,300,-480,0321      ,天风期货  ,900,360,,,,,
7,0007      ,东海期货  ,270,-90,0163      ,东证期货  ,750,30,,,,,
8,0148      ,中信期货  ,270,-90,0008      ,上海中期  ,720,0,,,,,
9,0311      ,兴证期货  ,270,-60,0077      ,新湖期货  ,450,-30,,,,,
10,0116      ,首创期货  ,180,120,0177      ,大地期货  ,450,0,,,,,
11,0240      ,广发期货  ,180,0,0272      ,银河期货  ,420,-60,,,,,
12,0081      ,海通期货  ,150,-390,0137      ,宏源期货  ,360,360,,,,,
13,0009      ,五矿经易  ,120,90,0081      ,海通期货  ,330,-90,,,,,
14,0025      ,铜冠金源  ,120,120,0148      ,中信期货  ,330,-270,,,,,
15,0082      ,国投安信  ,120,90,0313      ,中州期货  ,300,0,,,,,
16,0272      ,银河期货  ,120,-300,0240      ,广发期货  ,180,180,,,,,
17,0096      ,南华期货  ,90,-90,0238      ,安粮期货  ,120,-90,,,,,
18,0238      ,安粮期货  ,90,90,0096      ,南华期货  ,90,-90,,,,,
19,0004      ,国泰君安  ,60,60,0270      ,前海期货  ,90,0,,,,,
20,0034      ,方正中期  ,60,30,0311      ,兴证期货  ,60,-270,,,,,
合计:rb1910                        ,,,5430,-1110,,,13680,-90,,,690,180,
RANK1合约代码:rb2001                        ,,,,,,,,,,
1,0081      ,海通期货  ,264508,-17052,0103      ,永安期货  ,76781,-3064,0103      ,永安期货  ,180712,19034,
2,0163      ,东证期货  ,177802,-4931,0034      ,方正中期  ,74752,-5379,0123      ,浙商期货  ,67262,7013,
3,0148      ,中信期货  ,150190,7383,0163      ,东证期货  ,60422,1607,0081      ,海通期货  ,61090,1428,
4,0272      ,银河期货  ,131321,-16842,0272      ,银河期货  ,59656,3950,0067      ,中财期货  ,58700,10870,
5,0004      ,国泰君安  ,105673,-4670,0004      ,国泰君安  ,52821,618,0007      ,东海期货  ,52736,2110,
6,0103      ,永安期货  ,97308,14130,0277      ,一德期货  ,52308,905,0004      ,国泰君安  ,51275,271,
7,0186      ,徽商期货  ,75513,-7558,0148      ,中信期货  ,46464,758,0096      ,南华期货  ,49723,11390,
8,0280      ,山西三立  ,72572,17361,0009      ,五矿经易  ,45183,1,0385      ,国富期货  ,46549,379,
9,0034      ,方正中期  ,70003,-23611,0081      ,海通期货  ,36056,-186,0253      ,华泰期货  ,45521,-311,
10,0016      ,上海大陆  ,67683,-13045,0275      ,鲁证期货  ,35383,1534,0009      ,五矿经易  ,45155,-702,
11,0042      ,光大期货  ,63858,-6756,0059      ,瑞达期货  ,34938,2627,0272      ,银河期货  ,39784,-133,
12,0311      ,兴证期货  ,63688,2483,0123      ,浙商期货  ,33438,1750,0069      ,申万期货  ,37337,1688,
13,0253      ,华泰期货  ,61856,-15263,0007      ,东海期货  ,32977,448,0328      ,天富期货  ,36659,1239,
14,0385      ,国富期货  ,59148,13851,0058      ,国贸期货  ,32848,1049,0148      ,中信期货  ,35599,-994,
15,0268      ,中信建投  ,56275,7877,0308      ,国信期货  ,30878,1644,0277      ,一德期货  ,32401,-6796,
16,0298      ,东方财富  ,55581,-566,0096      ,南华期货  ,29968,1620,0321      ,天风期货  ,31106,-548,
17,0009      ,五矿经易  ,54481,-16289,0082      ,国投安信  ,29940,2197,0274      ,中辉期货  ,30820,-736,
18,0299      ,华安期货  ,53667,-3242,0271      ,渤海期货  ,26683,-555,0019      ,宝城期货  ,30661,1226,
19,0069      ,申万期货  ,53547,-7583,0177      ,大地期货  ,26185,-502,0082      ,国投安信  ,29209,5001,
20,0096      ,南华期货  ,49230,-394,0240      ,广发期货  ,25993,2669,0252      ,混沌天成  ,27027,5612,
合计:rb2001                        ,,,1783904,-74717,,,843674,13691,,,989326,57041,
RANK1合约代码:rb2005                        ,,,,,,,,,,
1,0081      ,海通期货  ,66157,11936,0125      ,中大期货  ,37040,448,0103      ,永安期货  ,51040,1892,
2,0148      ,中信期货  ,19103,3918,0103      ,永安期货  ,29809,694,0009      ,五矿经易  ,22979,398,
3,0163      ,东证期货  ,14642,-512,0148      ,中信期货  ,25210,2563,0177      ,大地期货  ,22414,-334,
4,0009      ,五矿经易  ,12304,3149,0272      ,银河期货  ,19916,3407,0081      ,海通期货  ,20833,506,
5,0004      ,国泰君安  ,9750,2215,0004      ,国泰君安  ,17623,513,0272      ,银河期货  ,18659,1409,
6,0272      ,银河期货  ,9694,-542,0163      ,东证期货  ,16770,-225,0058      ,国贸期货  ,17464,125,
7,0385      ,国富期货  ,7737,1799,0295      ,美尔雅    ,16228,75,0067      ,中财期货  ,14589,3626,
8,0253      ,华泰期货  ,7498,-463,0042      ,光大期货  ,13002,719,0277      ,一德期货  ,14448,-283,
9,0103      ,永安期货  ,7062,281,0277      ,一德期货  ,12524,-111,0157      ,中国国际  ,12991,764,
10,0268      ,中信建投  ,5253,2357,0034      ,方正中期  ,11323,504,0004      ,国泰君安  ,11639,3267,
11,0275      ,鲁证期货  ,4848,-350,0081      ,海通期货  ,10906,-3581,0034      ,方正中期  ,11373,-318,
12,0067      ,中财期货  ,4751,1825,0059      ,瑞达期货  ,9328,-326,0321      ,天风期货  ,11134,3237,
13,0322      ,新纪元    ,4435,-31,0123      ,浙商期货  ,8987,267,0082      ,国投安信  ,10807,-208,
14,0137      ,宏源期货  ,4364,1926,0009      ,五矿经易  ,8775,2790,0121      ,格林大华  ,8856,-2311,
15,0121      ,格林大华  ,4232,324,0322      ,新纪元    ,8538,577,0163      ,东证期货  ,8376,493,
16,0034      ,方正中期  ,3994,-5141,0311      ,兴证期货  ,7307,868,0148      ,中信期货  ,8211,1080,
17,0319      ,西部期货  ,3981,149,0096      ,南华期货  ,6539,309,0137      ,宏源期货  ,6936,-228,
18,0238      ,安粮期货  ,3918,1811,0275      ,鲁证期货  ,6424,-166,0123      ,浙商期货  ,6736,156,
19,0321      ,天风期货  ,3724,3228,0274      ,中辉期货  ,5807,606,0311      ,兴证期货  ,6625,-586,
20,0308      ,国信期货  ,3623,-13,0016      ,上海大陆  ,5416,-5,0002      ,中钢期货  ,6311,13,
合计:rb2005                        ,,,201070,27866,,,277472,9926,,,292421,12698,
商品名称:热轧卷板            ,合约代码:hcall                         ,,,,,,,,,
,期货公司  ,期货公司  ,577146,24594,期货公司  ,期货公司  ,413240,11096,期货公司  ,期货公司  ,414500,19356,
商品名称:热轧卷板            ,合约代码:hcall                         ,,,,,,,,,
,非期货公司,非期货公司,8260,5680,非期货公司,非期货公司,14430,7030,非期货公司,非期货公司,13170,-1230,
RANK1合约代码:hc1910                        ,,,,,,,,,,
1,0163      ,东证期货  ,630,60,0081      ,海通期货  ,2430,-150,0274      ,中辉期货  ,3000,0,
2,0125      ,中大期货  ,600,600,0004      ,国泰君安  ,2250,0,0272      ,银河期货  ,30,0,
3,0081      ,海通期货  ,450,270,0059      ,瑞达期货  ,2250,0,,,,,
4,0316      ,东兴期货  ,330,240,0272      ,银河期货  ,1650,0,,,,,
5,0148      ,中信期货  ,270,270,0163      ,东证期货  ,1080,-420,,,,,
6,0095      ,国金期货  ,210,0,0316      ,东兴期货  ,990,330,,,,,
7,0103      ,永安期货  ,120,-240,0103      ,永安期货  ,870,120,,,,,
8,0178      ,弘业期货  ,90,-270,0034      ,方正中期  ,840,0,,,,,
9,0076      ,道通期货  ,60,-60,0095      ,国金期货  ,810,-210,,,,,
10,0077      ,新湖期货  ,30,30,0123      ,浙商期货  ,510,0,,,,,
11,0116      ,首创期货  ,30,30,0003      ,建信期货  ,300,0,,,,,
12,0275      ,鲁证期货  ,30,-30,0076      ,道通期货  ,300,60,,,,,
13,,,,,0007      ,东海期货  ,90,0,,,,,
14,,,,,0277      ,一德期货  ,90,0,,,,,
15,,,,,0148      ,中信期货  ,60,-270,,,,,
16,,,,,0259      ,华闻期货  ,60,0,,,,,
17,,,,,0275      ,鲁证期货  ,60,30,,,,,
18,,,,,0018      ,国联期货  ,30,0,,,,,
19,,,,,0077      ,新湖期货  ,30,-30,,,,,
合计:hc1910                        ,,,2850,900,,,14700,-540,,,3030,0,
RANK1合约代码:hc2001                        ,,,,,,,,,,
1,0081      ,海通期货  ,75119,-4138,0103      ,永安期货  ,23240,-66,0034      ,方正中期  ,20878,1489,
2,0163      ,东证期货  ,32342,-6632,0148      ,中信期货  ,18086,-232,0059      ,瑞达期货  ,16453,-135,
3,0148      ,中信期货  ,30139,-5525,0163      ,东证期货  ,15570,1073,0277      ,一德期货  ,16037,3509,
4,0034      ,方正中期  ,22659,6331,0004      ,国泰君安  ,15380,1155,0321      ,天风期货  ,15244,-1488,
5,0253      ,华泰期货  ,18231,7241,0125      ,中大期货  ,10186,-618,0148      ,中信期货  ,14153,1099,
6,0004      ,国泰君安  ,16376,252,0277      ,一德期货  ,10069,888,0004      ,国泰君安  ,13449,-1521,
7,0277      ,一德期货  ,13079,8897,0136      ,信达期货  ,9852,461,0272      ,银河期货  ,13383,895,
8,0311      ,兴证期货  ,11427,-77,0123      ,浙商期货  ,9659,247,0103      ,永安期货  ,12642,1613,
9,0385      ,国富期货  ,10687,2086,0272      ,银河期货  ,9221,889,0253      ,华泰期货  ,8747,-2908,
10,0082      ,国投安信  ,9533,-438,0081      ,海通期货  ,8050,733,0163      ,东证期货  ,7592,419,
11,0042      ,光大期货  ,9417,-2402,0178      ,弘业期货  ,7173,-34,0123      ,浙商期货  ,6789,-387,
12,0272      ,银河期货  ,9148,-1790,0275      ,鲁证期货  ,6650,-201,0311      ,兴证期货  ,6630,-677,
13,0103      ,永安期货  ,8397,753,0034      ,方正中期  ,6608,270,0082      ,国投安信  ,6383,-230,
14,0186      ,徽商期货  ,8047,-34,0139      ,中粮期货  ,6123,52,0338      ,广州期货  ,6292,3360,
15,0240      ,广发期货  ,7897,-71,0240      ,广发期货  ,6117,311,0096      ,南华期货  ,6207,1774,
16,0069      ,申万期货  ,7356,-6874,0253      ,华泰期货  ,6101,511,0007      ,东海期货  ,6168,55,
17,0275      ,鲁证期货  ,6751,971,0007      ,东海期货  ,6081,4,0161      ,招商期货  ,6147,101,
18,0123      ,浙商期货  ,6364,1116,0141      ,西南期货  ,5349,105,0259      ,华闻期货  ,5089,124,
19,0299      ,华安期货  ,6305,-167,0372      ,中银国际  ,5240,947,0081      ,海通期货  ,4980,-154,
20,0096      ,南华期货  ,5657,1309,0169      ,兴业期货  ,5140,224,0067      ,中财期货  ,4784,-226,
合计:hc2001                        ,,,314931,808,,,189895,6719,,,198047,6712,
商品名称:燃料油              ,合约代码:fuall                         ,,,,,,,,,
,期货公司  ,期货公司  ,1437572,-132720,期货公司  ,期货公司  ,690639,27335,期货公司  ,期货公司  ,690659,27335,
商品名称:燃料油              ,合约代码:fuall                         ,,,,,,,,,
,非期货公司,非期货公司,0,-100,非期货公司,非期货公司,60,0,非期货公司,非期货公司,40,0,
RANK1合约代码:fu1911                        ,,,,,,,,,,
1,,,,,0298      ,东方财富  ,15,0,0148      ,中信期货  ,7,0,
2,,,,,0186      ,徽商期货  ,4,0,0123      ,浙商期货  ,3,0,
3,,,,,0125      ,中大期货  ,1,0,0069      ,申万期货  ,2,0,
4,,,,,,,,,0298      ,东方财富  ,2,0,
5,,,,,,,,,0004      ,国泰君安  ,1,0,
6,,,,,,,,,0019      ,宝城期货  ,1,0,
7,,,,,,,,,0048      ,长江期货  ,1,0,
8,,,,,,,,,0059      ,瑞达期货  ,1,0,
9,,,,,,,,,0299      ,华安期货  ,1,0,
10,,,,,,,,,0320      ,大有期货  ,1,0,
合计:fu1911                        ,,,,,,,20,0,,,20,0,
RANK1合约代码:fu2001                        ,,,,,,,,,,
1,0253      ,华泰期货  ,206683,-203,0103      ,永安期货  ,23672,686,0272      ,银河期货  ,51911,-1262,
2,0148      ,中信期货  ,85710,-5568,0186      ,徽商期货  ,18131,738,0148      ,中信期货  ,45612,2874,
3,0385      ,国富期货  ,81433,6530,0272      ,银河期货  ,14681,1583,0103      ,永安期货  ,22680,1722,
4,0163      ,东证期货  ,75162,-8627,0069      ,申万期货  ,14483,283,0082      ,国投安信  ,22092,608,
5,0311      ,兴证期货  ,62405,-3735,0288      ,平安期货  ,12615,2258,0372      ,中银国际  ,17420,-223,
6,0009      ,五矿经易  ,62134,-11104,0034      ,方正中期  ,12241,-79,0253      ,华泰期货  ,15544,2036,
7,0081      ,海通期货  ,49371,-1527,0148      ,中信期货  ,11600,698,0004      ,国泰君安  ,14520,442,
8,0042      ,光大期货  ,33336,-15610,0262      ,英大期货  ,10770,57,0081      ,海通期货  ,14201,-4167,
9,0272      ,银河期货  ,30017,-3515,0253      ,华泰期货  ,9993,-895,0034      ,方正中期  ,13280,1487,
10,0186      ,徽商期货  ,28470,-17605,0298      ,东方财富  ,9718,1554,0007      ,东海期货  ,10036,21,
11,0298      ,东方财富  ,28225,-1512,0240      ,广发期货  ,9549,312,0271      ,渤海期货  ,9045,-351,
12,0069      ,申万期货  ,26415,7109,0004      ,国泰君安  ,9348,673,0163      ,东证期货  ,8243,134,
13,0034      ,方正中期  ,23214,-4287,0178      ,弘业期货  ,7385,196,0385      ,国富期货  ,6935,1028,
14,0299      ,华安期货  ,19764,-584,0082      ,国投安信  ,6984,472,0096      ,南华期货  ,6123,307,
15,0240      ,广发期货  ,18457,7161,0268      ,中信建投  ,6805,348,0075      ,上海浙石  ,5458,134,
16,0082      ,国投安信  ,17926,-6735,0299      ,华安期货  ,6737,-280,0275      ,鲁证期货  ,5242,-320,
17,0268      ,中信建投  ,17457,-2117,0081      ,海通期货  ,6503,1180,0268      ,中信建投  ,5229,173,
18,0288      ,平安期货  ,15842,-1123,0042      ,光大期货  ,6459,-764,0069      ,申万期货  ,4819,-1068,
19,0123      ,浙商期货  ,15712,8190,0139      ,中粮期货  ,6271,-182,0059      ,瑞达期货  ,4439,733,
20,0103      ,永安期货  ,15596,-2276,0029      ,国海良时  ,5967,328,0009      ,五矿经易  ,4171,-315,
合计:fu2001                        ,,,913329,-57138,,,209912,9166,,,287000,3993,
RANK1合约代码:fu2003                        ,,,,,,,,,,
1,0253      ,华泰期货  ,8517,-2344,0103      ,永安期货  ,11937,933,0082      ,国投安信  ,20931,1,
2,0019      ,宝城期货  ,2858,-1497,0253      ,华泰期货  ,11225,-64,0253      ,华泰期货  ,11512,109,
3,0081      ,海通期货  ,2570,1101,0082      ,国投安信  ,8164,22,0372      ,中银国际  ,9000,0,
4,0082      ,国投安信  ,2111,-1401,0004      ,国泰君安  ,7546,2,0081      ,海通期货  ,7901,2131,
5,0272      ,银河期货  ,1667,-1130,0327      ,中原期货  ,7487,-34,0019      ,宝城期货  ,7411,-4,
6,0004      ,国泰君安  ,1436,-449,0019      ,宝城期货  ,7461,8,0327      ,中原期货  ,7400,-91,
7,0034      ,方正中期  ,1105,-15,0081      ,海通期货  ,3452,-29,0004      ,国泰君安  ,6807,-248,
8,0103      ,永安期货  ,1056,-1923,0008      ,上海中期  ,3080,-20,0272      ,银河期货  ,5014,-310,
9,0047      ,迈科期货  ,1046,-2371,0047      ,迈科期货  ,3070,64,0034      ,方正中期  ,4517,-6,
10,0299      ,华安期货  ,969,-1108,0007      ,东海期货  ,2432,12,0008      ,上海中期  ,2920,-34,
11,0298      ,东方财富  ,875,-756,0163      ,东证期货  ,1575,-4,0047      ,迈科期货  ,2295,-22,
12,0163      ,东证期货  ,859,-305,0272      ,银河期货  ,1354,-21,0271      ,渤海期货  ,1887,500,
13,0328      ,天富期货  ,856,-380,0148      ,中信期货  ,1206,116,0148      ,中信期货  ,1565,27,
14,0343      ,中金期货  ,842,500,0137      ,宏源期货  ,1170,14,0009      ,五矿经易  ,1007,0,
15,0049      ,金瑞期货  ,698,-86,0157      ,中国国际  ,1125,19,0343      ,中金期货  ,413,-11,
16,0327      ,中原期货  ,669,-377,0372      ,中银国际  ,1043,2,0385      ,国富期货  ,139,0,
17,0008      ,上海中期  ,660,-1017,0034      ,方正中期  ,988,-45,0268      ,中信建投  ,94,82,
18,0148      ,中信期货  ,651,-365,0121      ,格林大华  ,979,-31,0275      ,鲁证期货  ,84,49,
19,0186      ,徽商期货  ,648,-544,0069      ,申万期货  ,817,78,0186      ,徽商期货  ,79,-19,
20,0271      ,渤海期货  ,601,-883,0042      ,光大期货  ,810,-23,0096      ,南华期货  ,55,28,
合计:fu2003                        ,,,30694,-15350,,,76921,999,,,91031,2182,
RANK1合约代码:fu2005                        ,,,,,,,,,,
1,0163      ,东证期货  ,9801,-5711,0272      ,银河期货  ,9554,-819,0272      ,银河期货  ,31008,855,
2,0253      ,华泰期货  ,8268,10,0262      ,英大期货  ,7491,34,0082      ,国投安信  ,27589,3225,
3,0272      ,银河期货  ,5810,-742,0103      ,永安期货  ,6213,549,0372      ,中银国际  ,18535,-41,
4,0082      ,国投安信  ,5732,2146,0178      ,弘业期货  ,5725,90,0103      ,永安期货  ,13003,478,
5,0385      ,国富期货  ,4091,-1181,0069      ,申万期货  ,4997,33,0148      ,中信期货  ,11195,40,
6,0148      ,中信期货  ,3121,-1998,0268      ,中信建投  ,4550,2,0058      ,国贸期货  ,8300,11,
7,0081      ,海通期货  ,3025,-582,0186      ,徽商期货  ,4366,-231,0186      ,徽商期货  ,8006,-34,
8,0186      ,徽商期货  ,2973,-168,0253      ,华泰期货  ,4237,1335,0004      ,国泰君安  ,5678,-124,
9,0299      ,华安期货  ,2096,-978,0034      ,方正中期  ,3924,-40,0349      ,德盛期货  ,3651,-1,
10,0240      ,广发期货  ,1861,-803,0105      ,金石期货  ,3593,5,0343      ,中金期货  ,3208,500,
11,0318      ,鑫鼎盛    ,1830,972,0123      ,浙商期货  ,3218,68,0253      ,华泰期货  ,2800,15,
12,0004      ,国泰君安  ,1803,-531,0148      ,中信期货  ,3183,379,0316      ,东兴期货  ,2692,1,
13,0103      ,永安期货  ,1727,-2706,0240      ,广发期货  ,3019,-57,0240      ,广发期货  ,2277,654,
14,0034      ,方正中期  ,1708,-1139,0004      ,国泰君安  ,2977,-29,0001      ,招金期货  ,2142,-6,
15,0259      ,华闻期货  ,1706,238,0029      ,国海良时  ,2626,-33,0007      ,东海期货  ,1426,401,
16,0298      ,东方财富  ,1505,-579,0299      ,华安期货  ,2603,-53,0121      ,格林大华  ,914,-1,
17,0308      ,国信期货  ,1312,-778,0042      ,光大期货  ,2199,-4,0034      ,方正中期  ,836,4,
18,0274      ,中辉期货  ,1308,506,0163      ,东证期货  ,2195,-271,0069      ,申万期货  ,807,160,
19,0077      ,新湖期货  ,1285,183,0018      ,国联期货  ,2048,1021,0271      ,渤海期货  ,763,0,
20,0009      ,五矿经易  ,1244,-643,0096      ,南华期货  ,2023,21,0059      ,瑞达期货  ,637,14,
合计:fu2005                        ,,,62206,-14484,,,80741,2000,,,145467,6151,
商品名称:石油沥青            ,合约代码:buall                         ,,,,,,,,,
,期货公司  ,期货公司  ,881082,188672,期货公司  ,期货公司  ,316910,8598,期货公司  ,期货公司  ,323910,8598,
商品名称:石油沥青            ,合约代码:buall                         ,,,,,,,,,
,非期货公司,非期货公司,0,-1000,非期货公司,非期货公司,7000,0,非期货公司,非期货公司,0,0,
RANK1合约代码:bu1912                        ,,,,,,,,,,
1,0081      ,海通期货  ,82477,5408,0103      ,永安期货  ,17254,-3989,0103      ,永安期货  ,22791,3804,
2,0148      ,中信期货  ,62633,20857,0272      ,银河期货  ,14940,1513,0253      ,华泰期货  ,16499,-5227,
3,0311      ,兴证期货  ,51141,21842,0082      ,国投安信  ,10628,200,0009      ,五矿经易  ,13825,-818,
4,0163      ,东证期货  ,48221,5187,0004      ,国泰君安  ,10481,293,0148      ,中信期货  ,13387,2159,
5,0069      ,申万期货  ,40358,20848,0151      ,创元期货  ,10020,138,0077      ,新湖期货  ,13283,313,
6,0253      ,华泰期货  ,23087,6292,0148      ,中信期货  ,7477,-1752,0177      ,大地期货  ,10573,-4363,
7,0272      ,银河期货  ,21893,5191,0123      ,浙商期货  ,7284,-1847,0123      ,浙商期货  ,10422,-739,
8,0103      ,永安期货  ,18841,-1956,0240      ,广发期货  ,7252,329,0019      ,宝城期货  ,9603,-2644,
9,0186      ,徽商期货  ,15801,-1285,0253      ,华泰期货  ,6727,-800,0004      ,国泰君安  ,9329,489,
10,0332      ,华信期货  ,15165,4365,0268      ,中信建投  ,6098,289,0081      ,海通期货  ,7511,3973,
11,0385      ,国富期货  ,14854,2375,0034      ,方正中期  ,5523,412,0272      ,银河期货  ,7167,288,
12,0298      ,东方财富  ,14335,6071,0069      ,申万期货  ,5380,223,0277      ,一德期货  ,5855,42,
13,0299      ,华安期货  ,14312,3185,0163      ,东证期货  ,5372,666,0082      ,国投安信  ,5665,989,
14,0034      ,方正中期  ,13834,1226,0052      ,山金期货  ,5261,1541,0311      ,兴证期货  ,5338,-739,
15,0240      ,广发期货  ,13534,7619,0299      ,华安期货  ,5255,251,0052      ,山金期货  ,5194,1270,
16,0082      ,国投安信  ,13375,2496,0186      ,徽商期货  ,5211,590,0096      ,南华期货  ,4985,1652,
17,0137      ,宏源期货  ,12980,188,0385      ,国富期货  ,4609,356,0139      ,中粮期货  ,4870,-37,
18,0049      ,金瑞期货  ,12450,1988,0322      ,新纪元    ,4254,259,0069      ,申万期货  ,4847,179,
19,0042      ,光大期货  ,11976,5439,0313      ,中州期货  ,4099,105,0252      ,混沌天成  ,4519,3709,
20,0004      ,国泰君安  ,11506,1524,0298      ,东方财富  ,4070,-320,0186      ,徽商期货  ,4099,205,
合计:bu1912                        ,,,512773,118860,,,147195,-1543,,,179762,4505,
商品名称:天然橡胶            ,合约代码:ruall                         ,,,,,,,,,
,期货公司  ,期货公司  ,267606,-119800,期货公司  ,期货公司  ,229416,4808,期货公司  ,期货公司  ,228916,4808,
商品名称:天然橡胶            ,合约代码:ruall                         ,,,,,,,,,
,非期货公司,非期货公司,0,0,非期货公司,非期货公司,0,0,非期货公司,非期货公司,500,0,
RANK1合约代码:ru1910                        ,,,,,,,,,,
1,,,,,0177      ,大地期货  ,45,0,0177      ,大地期货  ,43,0,
2,,,,,0338      ,广州期货  ,1,0,0277      ,一德期货  ,2,0,
3,,,,,,,,,0042      ,光大期货  ,1,0,
合计:ru1910                        ,,,,,,,46,0,,,46,0,
RANK1合约代码:ru1911                        ,,,,,,,,,,
1,0148      ,中信期货  ,306,158,0148      ,中信期货  ,481,1,0121      ,格林大华  ,1250,39,
2,0163      ,东证期货  ,80,-36,0081      ,海通期货  ,314,0,0272      ,银河期货  ,681,-25,
3,0082      ,国投安信  ,64,15,0004      ,国泰君安  ,311,1,0004      ,国泰君安  ,446,15,
4,0123      ,浙商期货  ,60,56,0163      ,东证期货  ,283,4,0081      ,海通期货  ,432,1,
5,0253      ,华泰期货  ,52,51,0052      ,山金期货  ,280,0,0082      ,国投安信  ,324,-64,
6,0081      ,海通期货  ,49,3,0048      ,长江期货  ,177,-4,0148      ,中信期货  ,311,3,
7,0004      ,国泰君安  ,46,-13,0123      ,浙商期货  ,159,-60,0177      ,大地期货  ,289,3,
8,0121      ,格林大华  ,44,-43,0253      ,华泰期货  ,153,-12,0123      ,浙商期货  ,176,0,
9,0137      ,宏源期货  ,40,39,0153      ,海证期货  ,143,0,0372      ,中银国际  ,119,-18,
10,0331      ,广金期货  ,40,40,0034      ,方正中期  ,127,3,0103      ,永安期货  ,93,0,
11,0002      ,中钢期货  ,30,30,0137      ,宏源期货  ,121,40,0331      ,广金期货  ,72,-40,
12,0177      ,大地期货  ,27,-4,0271      ,渤海期货  ,120,0,0169      ,兴业期货  ,62,-3,
13,0272      ,银河期货  ,26,-11,0177      ,大地期货  ,112,10,0096      ,南华期货  ,59,0,
14,0034      ,方正中期  ,22,0,0096      ,南华期货  ,109,-2,0125      ,中大期货  ,58,1,
15,0139      ,中粮期货  ,21,16,0311      ,兴证期货  ,106,-6,0077      ,新湖期货  ,50,0,
16,0277      ,一德期货  ,20,-1,0320      ,大有期货  ,101,0,0138      ,先锋期货  ,50,0,
17,0372      ,中银国际  ,18,-4,0059      ,瑞达期货  ,97,0,0254      ,冠通期货  ,50,0,
18,0008      ,上海中期  ,16,8,0045      ,华龙期货  ,95,0,0261      ,长城期货  ,50,0,
19,0186      ,徽商期货  ,16,8,0103      ,永安期货  ,94,-1,0308      ,国信期货  ,49,0,
20,0274      ,中辉期货  ,16,-1,0272      ,银河期货  ,91,1,0277      ,一德期货  ,43,0,
合计:ru1911                        ,,,993,311,,,3474,-25,,,4664,-88,
RANK1合约代码:ru2001                        ,,,,,,,,,,
1,0081      ,海通期货  ,27509,-10668,0103      ,永安期货  ,8515,133,0148      ,中信期货  ,17585,287,
2,0163      ,东证期货  ,27143,-10759,0272      ,银河期货  ,6533,682,0082      ,国投安信  ,12475,-57,
3,0148      ,中信期货  ,10871,-4166,0253      ,华泰期货  ,5176,-55,0103      ,永安期货  ,12324,-386,
4,0034      ,方正中期  ,10334,-7357,0372      ,中银国际  ,4484,262,0081      ,海通期货  ,8903,-232,
5,0004      ,国泰君安  ,9476,-4702,0163      ,东证期货  ,4315,19,0163      ,东证期货  ,6682,-4,
6,0323      ,东吴期货  ,6791,-255,0034      ,方正中期  ,4290,174,0123      ,浙商期货  ,6106,-247,
7,0253      ,华泰期货  ,6249,-1964,0123      ,浙商期货  ,4023,80,0004      ,国泰君安  ,6097,209,
8,0311      ,兴证期货  ,6114,-3000,0096      ,南华期货  ,3636,-91,0253      ,华泰期货  ,5768,334,
9,0042      ,光大期货  ,5228,-1779,0004      ,国泰君安  ,3609,121,0272      ,银河期货  ,4551,-85,
10,0069      ,申万期货  ,4961,477,0082      ,国投安信  ,3604,220,0096      ,南华期货  ,4019,911,
11,0009      ,五矿经易  ,4622,-2877,0081      ,海通期货  ,3558,149,0308      ,国信期货  ,3800,266,
12,0272      ,银河期货  ,4385,-2473,0148      ,中信期货  ,3369,-370,0034      ,方正中期  ,3694,-62,
13,0049      ,金瑞期货  ,4320,161,0125      ,中大期货  ,3207,237,0008      ,上海中期  ,3167,-124,
14,0103      ,永安期货  ,4289,-2029,0240      ,广发期货  ,2849,102,0177      ,大地期货  ,3023,37,
15,0299      ,华安期货  ,4033,-310,0069      ,申万期货  ,2814,-131,0240      ,广发期货  ,2981,-90,
16,0096      ,南华期货  ,3568,-1049,0042      ,光大期货  ,2795,153,0311      ,兴证期货  ,2560,90,
17,0186      ,徽商期货  ,3291,-2916,0186      ,徽商期货  ,2702,45,0125      ,中大期货  ,2513,-73,
18,0157      ,中国国际  ,3223,-875,0139      ,中粮期货  ,2580,-39,0077      ,新湖期货  ,2283,-73,
19,0385      ,国富期货  ,2348,-619,0009      ,五矿经易  ,2517,246,0042      ,光大期货  ,2107,73,
20,0082      ,国投安信  ,2315,-1886,0274      ,中辉期货  ,2353,56,0137      ,宏源期货  ,2021,277,
合计:ru2001                        ,,,151070,-59046,,,76929,1993,,,112659,1051,
RANK1合约代码:ru2005                        ,,,,,,,,,,
1,0081      ,海通期货  ,5234,-58,0103      ,永安期货  ,3001,-74,0082      ,国投安信  ,8613,29,
2,0163      ,东证期货  ,2707,-902,0272      ,银河期货  ,1983,-22,0004      ,国泰君安  ,4016,-329,
3,0148      ,中信期货  ,2446,-498,0082      ,国投安信  ,1976,8,0081      ,海通期货  ,3826,928,
4,0385      ,国富期货  ,1247,-530,0163      ,东证期货  ,1883,-81,0163      ,东证期货  ,3229,94,
5,0009      ,五矿经易  ,990,-760,0019      ,宝城期货  ,1784,375,0372      ,中银国际  ,3109,40,
6,0004      ,国泰君安  ,839,264,0134      ,大越期货  ,1784,319,0148      ,中信期货  ,2797,168,
7,0034      ,方正中期  ,733,-516,0240      ,广发期货  ,1409,-20,0059      ,瑞达期货  ,2638,-6,
8,0308      ,国信期货  ,700,-559,0009      ,五矿经易  ,1349,301,0240      ,广发期货  ,2272,14,
9,0103      ,永安期货  ,667,140,0277      ,一德期货  ,1237,151,0311      ,兴证期货  ,2202,41,
10,0319      ,西部期货  ,644,-185,0059      ,瑞达期货  ,1190,-18,0121      ,格林大华  ,2076,-2,
11,0274      ,中辉期货  ,621,73,0253      ,华泰期货  ,1182,-5,0103      ,永安期货  ,2005,235,
12,0082      ,国投安信  ,591,-147,0004      ,国泰君安  ,1166,58,0272      ,银河期货  ,1796,57,
13,0186      ,徽商期货  ,578,147,0148      ,中信期货  ,1115,-16,0253      ,华泰期货  ,1217,53,
14,0253      ,华泰期货  ,548,-325,0186      ,徽商期货  ,1009,127,0058      ,国贸期货  ,933,44,
15,0013      ,中融汇信  ,437,-7,0034      ,方正中期  ,993,-39,0009      ,五矿经易  ,651,-3,
16,0137      ,宏源期货  ,437,115,0052      ,山金期货  ,989,12,0029      ,国海良时  ,634,-100,
17,0019      ,宝城期货  ,429,-257,0096      ,南华期货  ,929,19,0069      ,申万期货  ,623,-3,
18,0272      ,银河期货  ,415,-150,0081      ,海通期货  ,918,-2,0137      ,宏源期货  ,511,44,
19,0134      ,大越期货  ,356,95,0042      ,光大期货  ,858,2,0068      ,财达期货  ,477,2,
20,0295      ,美尔雅    ,329,-33,0385      ,国富期货  ,731,141,0254      ,冠通期货  ,452,20,
合计:ru2005                        ,,,20948,-4093,,,27486,1236,,,44077,1326,
RANK1合约代码:ru2009                        ,,,,,,,,,,
1,0372      ,中银国际  ,177,-600,0134      ,大越期货  ,1015,0,0372      ,中银国际  ,1387,177,
2,0385      ,国富期货  ,154,-104,0103      ,永安期货  ,538,5,0009      ,五矿经易  ,1007,3,
3,0328      ,天富期货  ,103,-51,0139      ,中粮期货  ,517,-1,0082      ,国投安信  ,407,0,
4,0002      ,中钢期货  ,98,-138,0052      ,山金期货  ,376,0,0121      ,格林大华  ,345,21,
5,0049      ,金瑞期货  ,88,18,0163      ,东证期货  ,358,1,0240      ,广发期货  ,293,1,
6,0148      ,中信期货  ,85,-66,0186      ,徽商期货  ,176,-2,0002      ,中钢期货  ,258,-36,
7,0253      ,华泰期货  ,64,-53,0059      ,瑞达期货  ,171,24,0253      ,华泰期货  ,207,8,
8,0081      ,海通期货  ,63,-38,0385      ,国富期货  ,171,50,0059      ,瑞达期货  ,201,3,
9,0163      ,东证期货  ,49,29,0272      ,银河期货  ,168,10,0385      ,国富期货  ,103,0,
10,0259      ,华闻期货  ,49,2,0058      ,国贸期货  ,143,-1,0125      ,中大期货  ,100,0,
11,0082      ,国投安信  ,48,-25,0004      ,国泰君安  ,137,3,0148      ,中信期货  ,97,1,
12,0004      ,国泰君安  ,35,32,0148      ,中信期货  ,133,4,0058      ,国贸期货  ,90,0,
13,0103      ,永安期货  ,35,16,0311      ,兴证期货  ,112,3,0271      ,渤海期货  ,69,-24,
14,0274      ,中辉期货  ,30,-10,0323      ,东吴期货  ,92,22,0069      ,申万期货  ,65,-1,
15,0059      ,瑞达期货  ,29,22,0253      ,华泰期货  ,75,0,0096      ,南华期货  ,65,0,
16,0298      ,东方财富  ,27,-95,0034      ,方正中期  ,72,13,0103      ,永安期货  ,52,-2,
17,0121      ,格林大华  ,26,16,0157      ,中国国际  ,66,1,0004      ,国泰君安  ,47,8,
18,0271      ,渤海期货  ,24,-165,0321      ,天风期货  ,60,2,0169      ,兴业期货  ,36,0,
19,0272      ,银河期货  ,22,12,0069      ,申万期货  ,59,12,0042      ,光大期货  ,34,-15,
20,0323      ,东吴期货  ,22,-84,0096      ,南华期货  ,54,4,0159      ,倍特期货  ,31,0,
合计:ru2009                        ,,,1228,-1282,,,4493,150,,,4894,144,
商品名称:纸浆                ,合约代码:spall                         ,,,,,,,,,
,期货公司  ,期货公司  ,203318,-84176,期货公司  ,期货公司  ,141679,-5024,期货公司  ,期货公司  ,141679,-5024,
商品名称:纸浆                ,合约代码:spall                         ,,,,,,,,,
,非期货公司,非期货公司,0,0,非期货公司,非期货公司,0,0,非期货公司,非期货公司,0,0,
RANK1合约代码:sp1910                        ,,,,,,,,,,
1,,,,,0320      ,大有期货  ,62,0,0277      ,一德期货  ,70,0,
2,,,,,0253      ,华泰期货  ,20,0,0148      ,中信期货  ,28,0,
3,,,,,0123      ,浙商期货  ,12,0,,,,,
4,,,,,0137      ,宏源期货  ,2,0,,,,,
5,,,,,0240      ,广发期货  ,2,0,,,,,
合计:sp1910                        ,,,,,,,98,0,,,98,0,
RANK1合约代码:sp2001                        ,,,,,,,,,,
1,0253      ,华泰期货  ,32147,-5090,0272      ,银河期货  ,10394,-129,0103      ,永安期货  ,22091,207,
2,0311      ,兴证期货  ,14924,-5080,0103      ,永安期货  ,7900,-35,0004      ,国泰君安  ,9614,-279,
3,0323      ,东吴期货  ,12511,2960,0240      ,广发期货  ,6544,-14,0082      ,国投安信  ,8260,-573,
4,0034      ,方正中期  ,10107,-2844,0148      ,中信期货  ,6053,116,0148      ,中信期货  ,8093,-124,
5,0163      ,东证期货  ,9573,-6324,0186      ,徽商期货  ,4322,-342,0253      ,华泰期货  ,5209,-789,
6,0148      ,中信期货  ,8318,-3000,0034      ,方正中期  ,4264,-133,0003      ,建信期货  ,4652,-92,
7,0004      ,国泰君安  ,6630,-9908,0299      ,华安期货  ,4194,-544,0275      ,鲁证期货  ,4448,-812,
8,0186      ,徽商期货  ,6421,-3023,0004      ,国泰君安  ,3819,-625,0077      ,新湖期货  ,4178,49,
9,0299      ,华安期货  ,5720,-1604,0069      ,申万期货  ,3206,-36,0311      ,兴证期货  ,4174,-1172,
10,0081      ,海通期货  ,4904,-2285,0081      ,海通期货  ,3192,-270,0096      ,南华期货  ,3843,347,
11,0123      ,浙商期货  ,4226,-1418,0253      ,华泰期货  ,2724,-24,0058      ,国贸期货  ,3800,64,
12,0298      ,东方财富  ,4083,-499,0007      ,东海期货  ,2653,-73,0277      ,一德期货  ,3072,19,
13,0316      ,东兴期货  ,3951,3665,0082      ,国投安信  ,2387,-65,0123      ,浙商期货  ,2967,-207,
14,0295      ,美尔雅    ,3695,-2059,0137      ,宏源期货  ,2326,-50,0316      ,东兴期货  ,2914,5,
15,0385      ,国富期货  ,3269,-1089,0136      ,信达期货  ,2311,-28,0067      ,中财期货  ,2758,79,
16,0042      ,光大期货  ,3218,-1478,0275      ,鲁证期货  ,2287,-123,0081      ,海通期货  ,2313,-190,
17,0103      ,永安期货  ,2984,-531,0268      ,中信建投  ,2182,-140,0163      ,东证期货  ,2225,-151,
18,0049      ,金瑞期货  ,2278,-679,0107      ,新世纪    ,2115,398,0137      ,宏源期货  ,2178,4,
19,0272      ,银河期货  ,2267,-8186,0298      ,东方财富  ,2018,-527,0086      ,东航期货  ,1881,-101,
20,0308      ,国信期货  ,2156,-1249,0123      ,浙商期货  ,1849,67,0343      ,中金期货  ,1881,-21,
合计:sp2001                        ,,,143382,-49721,,,76740,-2577,,,100551,-3737,
